Start_Time,End_Time,PROGRAM/AD/SONGS,TIMELINE
05:00:00,05:01:11,NO AUDIO PLAYED,05:00:00-05:01:11
05:01:11,05:02:05,JINGLE: RADIO CITY 91.1 FM SONG,05:01:11-05:02:05
05:02:05,05:02:11,JINGLE: SRI VENKATESHWARA SUPRABHATHAM SONG INTRO,05:02:05-05:02:11
05:02:11,05:22:43,"SONG: SRI VENKATESHWARA SUPRABATHAM, MS SUBBULAKSHMI, SRI VENKATESA SUPRABATHAM, SAREGAMA, 1961, SANSKRIT",05:02:11-05:22:43
05:22:43,05:23:54,"PROGRAM: AALAYA DHARISANAM, RJ SHAKTHI",05:22:43-05:23:54
05:23:54,05:23:58,JINGLE: RADIO CITY,05:23:54-05:23:58
05:23:58,05:24:22,"AD: DEEPAM, INCENSE STICKS, SPIRITUAL ESSENTIALS, HOME FURNISHING",05:23:58-05:24:22
05:24:22,05:24:49,"AD: DEEPAM, INCENSE STICKS, SPIRITUAL ESSENTIALS, HOME FURNISHING",05:24:22-05:24:49
05:24:49,05:24:59,JINGLE: SRI SKANDHA GURU KAVASAM SONG INTRO,05:24:49-05:24:59
05:24:59,05:47:08,"SONG: SRI SKANDHA GURU KAVACHAM, SOOLAMANGALAM SISTERS, SRI SKANDHA GURU KAVASAM, SAREGAMA, 1963, TAMIL",05:24:59-05:47:08
05:47:08,05:48:13,"PROGRAM: AALAYA DHARISANAM, RJ SHAKTHI",05:47:08-05:48:13
05:48:13,05:48:21,JINGLE: RADIO CITY,05:48:13-05:48:21
05:48:21,05:48:46,"AD: DEEPAM, INCENSE STICKS, SPIRITUAL ESSENTIALS, HOME FURNISHING",05:48:21-05:48:46
05:48:46,05:53:12,"SONG: KARUMARI AMMAN, GHIBRAN & GOLD DEVARAJ & SURMUKHI, GHIBRAN'S SPIRITUAL SERIES, THINK MUSIC, 2020, TAMIL",05:48:46-05:53:12
05:53:12,05:54:33,"PROGRAM: AALAYA DHARISANAM, RJ SHAKTHI",05:53:12-05:54:33
05:54:33,05:59:59,"SONG: NAMO NARAYANAA YENNUM, SP BALASUBRAHMANYAM, , , TAMIL",05:54:33-05:59:59
06:00:00,06:01:13,"SONG: NAMO NARAYANAA YENNUM, SP BALASUBRAHMANYAM, , , TAMIL",06:00:00-06:01:13
06:01:13,06:01:21,JINGLE: RADIO CITY,06:01:13-06:01:21
06:01:21,06:01:26,JINGLE: DEIVEEGA PADALGAL,06:01:21-06:01:26
06:01:26,06:01:31,"AD: DAVA INDIA, GENERIC PHARMACY, PHARMACEUTICALS, HEALTHCARE",06:01:26-06:01:31
06:01:31,06:01:35,"AD: DEEPAM, INCENSE STICKS, SPIRITUAL ESSENTIALS, HOME FURNISHING",06:01:31-06:01:35
06:01:35,06:01:40,JINGLE: RADIO CITY,06:01:35-06:01:40
06:01:40,06:02:34,JINGLE: RADIO CITY 91.1 FM SONG,06:01:40-06:02:34
06:02:34,06:02:41,JINGLE: THIRUVILAIYAADAL SONG INTRO,06:02:34-06:02:41
06:02:41,06:07:50,"SONG: THIRUVILAIYAADAL, HARICHARAN, THIRUVILAIYAADAL, TIMES MUSIC, 2020, TAMIL",06:02:41-06:07:50
06:07:50,06:08:07,JINGLE: RADIO CITY,06:07:50-06:08:07
06:08:07,06:08:14,JINGLE: GANESHA MOOLA MANTRA SONG INTRO,06:08:07-06:08:14
06:08:14,06:11:34,"SONG: GANESHA MOOLA MANTRA, SHARANYA SRINIVAS, GANESHA MOOLA MANTRA, TIMES MUSIC, 2020, SANSKRIT",06:08:14-06:11:34
06:11:34,06:11:42,JINGLE: RADIO CITY,06:11:34-06:11:42
06:11:42,06:14:57,"SONG: KAVADIGAL, SULAMANGALAM SISTERS, ARUL ISAI THENDRAL, SAREGAMA, 1968, TAMIL",06:11:42-06:14:57
06:14:57,06:15:05,JINGLE: RADIO CITY,06:14:57-06:15:05
06:15:05,06:18:08,"SONG: THITHTHIKKUM, TM SOUNDARARAJAN, MURUGA, SAREGAMA, 2011, TAMIL",06:15:05-06:18:08
06:18:08,06:19:09,"PROGRAM: AALAYA DHARISANAM, RJ SHAKTHI",06:18:08-06:19:09
06:19:09,06:19:17,JINGLE: RADIO CITY,06:19:09-06:19:17
06:19:17,06:19:42,"AD: DEEPAM, INCENSE STICKS, SPIRITUAL ESSENTIALS, HOME FURNISHING",06:19:17-06:19:42
06:19:42,06:20:07,"AD: DEEPAM, INCENSE STICKS, SPIRITUAL ESSENTIALS, HOME FURNISHING",06:19:42-06:20:07
06:20:07,06:20:15,JINGLE: RADIO CITY,06:20:07-06:20:15
06:20:15,06:25:28,SONG: COULDN'T IDENTIFY,06:20:15-06:25:28
06:25:28,06:25:36,JINGLE: RADIO CITY,06:25:28-06:25:36
06:25:36,06:25:43,JINGLE: GURUVE ENDRUM UNDHAN NINAIVILE SONG INTRO,06:25:36-06:25:43
06:25:43,06:29:00,"SONG: GURUVE ENDRUM UNDHAN NINAIVILE, RAGHAVENDRAN SRINIVASAN & P UNNIKRISHNAN, GURUVE ENDRUM UNDHAN NINAIVILE, STAVES & OCTAVES, 2024, TAMIL",06:25:43-06:29:00
06:29:00,06:29:08,JINGLE: RADIO CITY,06:29:00-06:29:08
06:29:08,06:39:36,"SONG: OM NAMO BHAGAWATI, VEERAMANI DASAN, ANNAI MALAR PAADAM, GITAA CASSETTES, 1998, TAMIL",06:29:08-06:39:36
06:39:36,06:39:39,JINGLE: ARULMIGU AALAYAM,06:39:36-06:39:39
06:39:39,06:39:43,"AD: DEEPAM, INCENSE STICKS, SPIRITUAL ESSENTIALS, HOME FURNISHING",06:39:39-06:39:43
06:39:43,06:41:05,"PROGRAM: AALAYA DHARISANAM, RJ SHAKTHI",06:39:43-06:41:05
06:41:05,06:41:08,JINGLE: ARULMIGU AALAYAM,06:41:05-06:41:08
06:41:08,06:41:11,"AD: DEEPAM, INCENSE STICKS, SPIRITUAL ESSENTIALS, HOME FURNISHING",06:41:08-06:41:11
06:41:11,06:41:16,JINGLE: RADIO CITY,06:41:11-06:41:16
06:41:16,06:41:31,"AD: RADIO CITY, GOOD MORNING BY RJ BHARATH, RADIO, ENTERTAINMENT",06:41:16-06:41:31
06:41:31,06:41:55,"AD: DEEPAM, INCENSE STICKS, SPIRITUAL ESSENTIALS, HOME FURNISHING",06:41:31-06:41:55
06:41:55,06:42:21,"AD: DEEPAM, INCENSE STICKS, SPIRITUAL ESSENTIALS, HOME FURNISHING",06:41:55-06:42:21
06:42:21,06:42:29,JINGLE: RADIO CITY,06:42:21-06:42:29
06:42:29,06:46:23,"SONG: HARIHARAN MAINDAN, PN PARASURAMAN, AYYAPPAN PAADALGAL, GITAA CASSETTES, 1990, TAMIL",06:42:29-06:46:23
06:46:23,06:46:32,JINGLE: RADIO CITY,06:46:23-06:46:32
06:46:32,06:55:25,"SONG: PADIPAATTU, AVS SIVAKUMAR, VAZHI NADAI SHARANANGAL, GITAA CASSETTES, 1996, TAMIL",06:46:32-06:55:25
06:55:25,06:56:35,"PROGRAM: AALAYA DHARISANAM, RJ SHAKTHI",06:55:25-06:56:35
06:56:35,06:56:43,JINGLE: RADIO CITY,06:56:35-06:56:43
06:56:43,06:59:59,"SONG: NARAYANA NAMO, SIRKAZHI GOVINDARAJAN, BHAKTHI SANGAMAM, SAREGAMA, 1992, TAMIL",06:56:43-06:59:59
07:00:00,07:00:08,"SONG: NARAYANA NAMO, SIRKAZHI GOVINDARAJAN, BHAKTHI SANGAMAM, SAREGAMA, 1992, TAMIL",07:00:00-07:00:08
07:00:08,07:00:12,JINGLE: DEIVEEGA PADALGAL,07:00:08-07:00:12
07:00:12,07:00:18,"AD: DAVA INDIA, GENERIC PHARMACY, PHARMACEUTICALS, HEALTHCARE",07:00:12-07:00:18
07:00:18,07:00:21,"AD: DEEPAM, INCENSE STICKS, SPIRITUAL ESSENTIALS, HOME FURNISHING",07:00:18-07:00:21
07:00:21,07:00:26,JINGLE: RADIO CITY,07:00:21-07:00:26
07:00:26,07:00:34,JINGLE: RADIO CITY,07:00:26-07:00:34
07:00:34,07:01:13,"SONG: JAYA JAYA DEVI, P SUSHEELA, RAKSHA RAKSHA JAGAN MATHA, SAREGAMA, 2001, TAMIL",07:00:34-07:01:13
07:01:13,07:02:04,JINGLE: RADIO CITY 91.1 FM SONG,07:01:13-07:02:04
07:02:04,07:02:09,JINGLE: RADIO CITY,07:02:04-07:02:09
07:02:09,07:02:15,JINGLE: HIS NAME IS JOHN SONG INTRO,07:02:09-07:02:15
07:02:15,07:05:51,"SONG: HIS NAME IS JOHN, HARRIS JAYARAJ & PAAL DABBA, DHRUVA NATCHATHIRAM, THINK MUSIC, 2023, TAMIL",07:02:15-07:05:51
07:05:51,07:06:03,JINGLE: ANJU VANNA POOVE SONG INTRO,07:05:51-07:06:03
07:06:03,07:10:20,"SONG: ANJU VANNA POOVE, CHARULATHA MANI, THUG LIFE, SAREGAMA INDIA LTD, 2025, TAMIL",07:06:03-07:10:20
07:10:20,07:11:59,"PROGRAM: THAMIZHODU VILAIYADU, RJ BHARATH",07:10:20-07:11:59
07:11:59,07:14:14,"PROGRAM: PART 2 PREM KUMAR, RJ PREM KUMAR",07:11:59-07:14:14
07:14:14,07:14:19,JINGLE: RADIO CITY,07:14:14-07:14:19
07:14:19,07:14:28,"AD: FRESHEY'S, CURD, FOOD PRODUCTS, FMCG",07:14:19-07:14:28
07:14:28,07:14:34,"AD: MANASA, PICKLES, FOOD PRODUCTS, FMCG",07:14:28-07:14:34
07:14:34,07:14:40,"AD: RR MOBILES, SMARTPHONE, CONSUMER DURABLES-SMARTPHONE, COSUMER DURABLES",07:14:34-07:14:40
07:14:40,07:14:45,JINGLE: RADIO CITY,07:14:40-07:14:45
07:14:45,07:14:52,JINGLE: RADIO CITY,07:14:45-07:14:52
07:14:52,07:15:33,"AD: RADIO CITY, BUSINESS TITANS, RADIO, ENTERTAINMENT",07:14:52-07:15:33
07:15:33,07:15:44,"AD: GALAXY HEALTH INSURANCE, HEALTH- INSURANCE, FINANCE-INSURANCE, FINANCE",07:15:33-07:15:44
07:15:44,07:16:29,"AD: FSSAI, EAT RIGHT INDIA, PUBLIC SERVICE ADS, PUBLIC INTEREST",07:15:44-07:16:29
07:16:29,07:16:40,"AD: PRASHANTH HOSPITALS, HOSPITAL SERVICES, SERVICES-MEDICAL, HEALTHCARE",07:16:29-07:16:40
07:16:40,07:17:00,"AD: SRM GLOBAL, MULTISPECIALITY HOSPITAL, SERVICE-MEDICAL, HEALTHCARE",07:16:40-07:17:00
07:17:00,07:17:35,"AD: LIC, LIC LIFE INSURANCE, FINANCE-INSURANCE, FINANCE",07:17:00-07:17:35
07:17:35,07:17:45,"AD: KINGMAKERS IAS ACADEMY, COACHING INSTITUTE, COACHING SERVICES, EDUCATION",07:17:35-07:17:45
07:17:45,07:17:52,JINGLE: RADIO CITY TRAFFIC UPDATE,07:17:45-07:17:52
07:17:52,07:17:59,"AD: CANARA BANK, BANKING SERVICES, BANKING & FINANCE, FINANCE",07:17:52-07:17:59
07:17:59,07:18:05,"AD: ASTRA HEARING CARE, HEARING DIAGNOSTICS, SERVICE-MEDICAL, HEALTHCARE",07:17:59-07:18:05
07:18:05,07:18:12,"AD: FRESHEY'S, PANEER, FOOD PRODUCTS, FMCG",07:18:05-07:18:12
07:18:12,07:18:17,"AD: MANASA, SPICES, FOOD PRODUCTS, FMCG",07:18:12-07:18:17
07:18:17,07:18:22,JINGLE: RADIO CITY,07:18:17-07:18:22
07:18:22,07:18:32,JINGLE: RADIO CITY TRAFFIC UPDATE,07:18:22-07:18:32
07:18:32,07:18:56,"PROGRAM: TRAFFIC UPDATE, RJ BHARATH",07:18:32-07:18:56
07:18:56,07:19:15,JINGLE: DILLUBARU AAJA SONG INTRO,07:18:56-07:19:15
07:19:15,07:23:31,"SONG: DILLUBARU AAJA, DHIBU NINAN THOMAS & SILAMBARASAN TR & SHWETHA MOHAN & ROKESH, DIESEL, THINK MUSIC, 2025, TAMIL",07:19:15-07:23:31
07:23:31,07:23:50,JINGLE: RADIO CITY 91.1 FM SONG,07:23:31-07:23:50
07:23:50,07:24:01,JINGLE: MANASELLAM MAZHAIYE SONG INTRO,07:23:50-07:24:01
07:24:01,07:29:12,"SONG: MANASELLAM MAZHAIYE, SONU NIGAM & SAINDHAVI & GV PRAKASH KUMAR, SAGUNI, GEMINI AUDIO, 2012, TAMIL",07:24:01-07:29:12
07:29:12,07:29:16,JINGLE: RADIO CITY,07:29:12-07:29:16
07:29:16,07:31:15,"PROGRAM: THAMIZHODU VILAIYADU, RJ BHARATH",07:29:16-07:31:15
07:31:15,07:31:24,JINGLE: RADIO CITY,07:31:15-07:31:24
07:31:24,07:32:13,"AD: RADIOCITY, REEL STAR, RADIO, ENTERTAINMENT",07:31:24-07:32:13
07:32:13,07:32:43,"AD: IFFCO TOKIO, LIFE INSURANCE, FINANCE-INSURANCE, FINANCE",07:32:13-07:32:43
07:32:43,07:33:08,"AD: DEEPAM, INCENSE STICKS, SPIRITUAL ESSENTIALS, HOME FURNISHING",07:32:43-07:33:08
07:33:08,07:33:19,"AD: PRASHANTH HOSPITALS, HOSPITAL SERVICES, SERVICES-MEDICAL, HEALTHCARE",07:33:08-07:33:19
07:33:19,07:33:55,"AD: LIC, LIC LIFE INSURANCE, FINANCE-INSURANCE, FINANCE",07:33:19-07:33:55
07:33:55,07:34:41,"AD: FSSAI, EAT RIGHT INDIA, PUBLIC SERVICE ADS, PUBLIC INTEREST",07:33:55-07:34:41
07:34:41,07:34:51,"AD: KINGMAKERS IAS ACADEMY, COACHING INSTITUTE, COACHING SERVICES, EDUCATION",07:34:41-07:34:51
07:34:51,07:35:22,"AD: SRM GLOBAL, MULTISPECIALITY HOSPITAL, SERVICE-MEDICAL, HEALTHCARE",07:34:51-07:35:22
07:35:22,07:35:27,JINGLE: RADIO CITY,07:35:22-07:35:27
07:35:27,07:35:46,JINGLE: UYIR PATHIKAAMA SONG INTRO,07:35:27-07:35:46
07:35:46,07:38:51,"SONG: UYIR PATHIKAAMA, SANTHOSH NARAYANAN & VIJAYNARAIN & ADITYA RAVINDRAN, VAA VAATHIYAAR, THINK MUSIC, 2025, TAMIL",07:35:46-07:38:51
07:38:51,07:39:09,JINGLE: RADIO CITY 91.1 FM SONG,07:38:51-07:39:09
07:39:09,07:39:23,JINGLE: AATHI ADI AATHI SONG INTRO,07:39:09-07:39:23
07:39:23,07:41:47,"SONG: AATHI ADI AATHI, GV PRAKASH KUMAR & SADHIKA KR & VIVEK, VEERA DHEERA SOORAN, THINK MUSIC, 2025, TAMIL",07:39:23-07:41:47
07:41:47,07:41:51,JINGLE: RADIO CITY TIME CHECK,07:41:47-07:41:51
07:41:51,07:41:58,"AD: CANARA BANK, BANKING SERVICES, BANKING & FINANCE, FINANCE",07:41:51-07:41:58
07:41:58,07:42:03,"AD: ASTRA HEARING CARE, HEARING DIAGNOSTICS, SERVICE-MEDICAL, HEALTHCARE",07:41:58-07:42:03
07:42:03,07:42:09,"AD: FRESHEY'S, IDLI AND DOSA BATTER, FOOD PRODUCTS, FMCG",07:42:03-07:42:09
07:42:09,07:42:14,"AD: MANASA, HERBAL HAIR OIL, HAIR CARE, PERSONAL CARE",07:42:09-07:42:14
07:42:14,07:42:20,"AD: KINGMAKERS IAS ACADEMY, COACHING INSTITUTE, COACHING SERVICES, EDUCATION",07:42:14-07:42:20
07:42:20,07:42:24,JINGLE: RADIO CITY,07:42:20-07:42:24
07:42:24,07:42:32,JINGLE: RADIO CITY,07:42:24-07:42:32
07:42:32,07:42:40,JINGLE: KUTTYMA SONG INTRO,07:42:32-07:42:40
07:42:40,07:46:32,"SONG: KUTTYMA, MERVIN SOLOMON & VIVEK-MERVIN & KU KARTHIK, JINN THE PET, SAREGAMA, 2023, TAMIL",07:42:40-07:46:32
07:46:32,07:49:13,PROGRAM: POSITIVITY WITH RADIO CITY,07:46:32-07:49:13
07:49:13,07:50:06,"AD: RADIO CITY, RADIO CITY WITH RJ MUNNA, RADIO, ENTERTAINMENT",07:49:13-07:50:06
07:50:06,07:50:11,JINGLE: RADIO CITY,07:50:06-07:50:11
07:50:11,07:51:13,"AD: RADIO CITY, PONMALAI POZHUDHU SHOW, RADIO, ENTERTAINMENT",07:50:11-07:51:13
07:51:13,07:51:18,"AD: ASTRA HEARING CARE, HEARING DIAGNOSTICS, SERVICE-MEDICAL, HEALTHCARE",07:51:13-07:51:18
07:51:18,07:51:22,JINGLE: RADIO CITY,07:51:18-07:51:22
07:51:22,07:51:33,"AD: KINGMAKERS IAS ACADEMY, COACHING INSTITUTE, COACHING SERVICES, EDUCATION",07:51:22-07:51:33
07:51:33,07:52:13,"AD: APOLLO HOSPITAL, MULTISPECIALITY HOSPITAL, SERVICE-MEDICAL, HEALTHCARE",07:51:33-07:52:13
07:52:13,07:52:33,"AD: MALABAR GOLD AND DIAMONDS, GOLD & DIAMOND JEWELLERY, ACCESSORIES-JEWELLERY, ACCESSORIES",07:52:13-07:52:33
07:52:33,07:52:43,"AD: GALAXY HEALTH INSURANCE, HEALTH- INSURANCE, FINANCE-INSURANCE, FINANCE",07:52:33-07:52:43
07:52:43,07:53:08,"AD: DEEPAM, INCENSE STICKS, SPIRITUAL ESSENTIALS, HOME FURNISHING",07:52:43-07:53:08
07:53:08,07:53:30,"AD: LAKSHMI CERAMIC, CERAMIC TILES, BUILDING MATERIALS, CONSTRUCTIONS",07:53:08-07:53:30
07:53:30,07:53:45,"AD: ANUJ TILES, CERAMIC TILES, BUILDING MATERIALS, CONSTRUCTIONS",07:53:30-07:53:45
07:53:45,07:54:01,"AD: THE EYE FOUNDATION, EYE CARE HOSPITAL, SERVICES - MEDICAL, HEALTHCARE",07:53:45-07:54:01
07:54:01,07:54:06,JINGLE: RADIO CITY,07:54:01-07:54:06
07:54:06,07:54:22,"AD: RADIO CITY, BUSINESS TITANS, RADIO, ENTERTAINMENT",07:54:06-07:54:22
07:54:22,07:54:30,JINGLE: RADIO CITY,07:54:22-07:54:30
07:54:30,07:54:41,JINGLE: FIRE SONG INTRO,07:54:30-07:54:41
07:54:41,07:57:52,"SONG: FIRE SONG, SENTHIL GANESH & SHENBAGARAJ & DEEPTHI SURESH & VM MAHALINGAM & DSP & VIVEKA, KANGUVA, SAREGAMA INDIA LTD, 2024, TAMIL",07:54:41-07:57:52
07:57:52,07:57:57,JINGLE: SPONSOR JINGLE,07:57:52-07:57:57
07:57:57,07:58:02,"AD: VGN RICHMOND TOWERS, REAL ESTATE PROJECTS, PROPERTY-HOUSING, PROPERTY",07:57:57-07:58:02
07:58:02,07:58:07,"AD: DAVA INDIA, GENERIC PHARMACY, PHARMACEUTICALS, HEALTHCARE",07:58:02-07:58:07
07:58:07,07:58:13,"AD: THE EYE FOUNDATION, EYE CARE HOSPITAL, SERVICES - MEDICAL, HEALTHCARE",07:58:07-07:58:13
07:58:13,07:58:18,"AD: DEEPAM, INCENSE STICKS, SPIRITUAL ESSENTIALS, HOME FURNISHING",07:58:13-07:58:18
07:58:18,07:58:23,"AD: KINGMAKERS IAS ACADEMY, COACHING INSTITUTE, COACHING SERVICES, EDUCATION",07:58:18-07:58:23
07:58:23,07:58:28,"AD: ASTRA HEARING CARE, HEARING DIAGNOSTICS, SERVICE-MEDICAL, HEALTHCARE",07:58:23-07:58:28
07:58:28,07:58:33,JINGLE: RADIO CITY,07:58:28-07:58:33
07:58:33,07:58:41,JINGLE: RADIO CITY,07:58:33-07:58:41
07:58:41,07:59:17,"AD: AVR SWARNA MAHAL, GOLD AND DIAMOND JEWELLERY, ACCESSORIES - JEWELLERY, ACCESSORIES",07:58:41-07:59:17
07:59:17,07:59:33,"AD: THE EYE FOUNDATION, EYE CARE HOSPITAL, SERVICES - MEDICAL, HEALTHCARE",07:59:17-07:59:33
07:59:33,07:59:59,"AD: APOLLO HOSPITAL, MULTISPECIALITY HOSPITAL, SERVICE-MEDICAL, HEALTHCARE",07:59:33-07:59:59
08:00:00,08:00:14,"AD: APOLLO HOSPITAL, MULTISPECIALITY HOSPITAL, SERVICE-MEDICAL, HEALTHCARE",08:00:00-08:00:14
08:00:14,08:00:43,"AD: RESERVE BANK OF INDIA (RBI), BANKING SERVICES, BANKING & FINANCE, FINANCE",08:00:14-08:00:43
08:00:43,08:01:04,"AD: MALABAR GOLD AND DIAMONDS, GOLD & DIAMOND JEWELLERY, ACCESSORIES-JEWELLERY, ACCESSORIES",08:00:43-08:01:04
08:01:04,08:01:14,"AD: KINGMAKERS IAS ACADEMY, COACHING INSTITUTE, COACHING SERVICES, EDUCATION",08:01:04-08:01:14
08:01:14,08:02:00,"AD: FSSAI, EAT RIGHT INDIA, PUBLIC SERVICE ADS, PUBLIC INTEREST",08:01:14-08:02:00
08:02:00,08:02:25,"AD: DEEPAM, INCENSE STICKS, SPIRITUAL ESSENTIALS, HOME FURNISHING",08:02:00-08:02:25
08:02:25,08:02:40,"AD: JOYALUKKAS, GOLD & DIAMOND JEWELLERY, ACCESSORIES-JEWELLERY, ACCESSORIES",08:02:25-08:02:40
08:02:40,08:02:44,JINGLE: RADIO CITY,08:02:40-08:02:44
08:02:44,08:03:38,JINGLE: RADIO CITY 91.1 FM SONG,08:02:44-08:03:38
08:03:38,08:03:42,JINGLE: RADIO CITY,08:03:38-08:03:42
08:03:42,08:03:53,JINGLE: KANNE KANAVE SONG INTRO,08:03:42-08:03:53
08:03:53,08:07:51,"SONG: KANNE KANAVE, SREEKANTH HARIHARAN & SIREESHA BHAGAVATULA, DNA, THINK MUSIC INDIA, 2024, TAMIL",08:03:53-08:07:51
08:07:51,08:08:00,JINGLE: RADIO CITY,08:07:51-08:08:00
08:08:00,08:09:34,"PROGRAM: THAMIZHODU VILAIYADU, RJ BHARATH",08:08:00-08:09:34
08:09:34,08:09:42,JINGLE: CHOLA CHOLA SONG INTRO,08:09:34-08:09:42
08:09:42,08:12:45,"SONG: CHOLA CHOLA, SATHYA PRAKASH & V.M. MAHALINGAM & NAKUL ABHYANKAR, PONNIYIN SELVAN PART 1, TIPS MUSIC / LYCA PRODUCTIONS, 2022, TAMIL",08:09:42-08:12:45
08:12:45,08:14:25,"PROGRAM: PART 2 PREM KUMAR, RJ PREM KUMAR",08:12:45-08:14:25
08:14:25,08:14:31,JINGLE: RADIO CITY,08:14:25-08:14:31
08:14:31,08:14:38,"AD: FRESHEY'S, CURD, FOOD PRODUCTS, FMCG",08:14:31-08:14:38
08:14:38,08:14:43,"AD: MANASA, PICKLES, FOOD PRODUCTS, FMCG",08:14:38-08:14:43
08:14:43,08:14:50,"AD: RR MOBILES, SMARTPHONE, CONSUMER DURABLES-SMARTPHONE, COSUMER DURABLES",08:14:43-08:14:50
08:14:50,08:14:54,JINGLE: RADIO CITY,08:14:50-08:14:54
08:14:54,08:15:02,JINGLE: RADIO CITY,08:14:54-08:15:02
08:15:02,08:15:43,"AD: RADIO CITY, BUSINESS TITANS, RADIO, ENTERTAINMENT",08:15:02-08:15:43
08:15:43,08:16:13,"AD: RAINBOW CHILDREN'S HOSPITAL AND BIRTHRIGHT, HOSPITAL SERVICES, SERVICES-MEDICAL, HEALTHCARE",08:15:43-08:16:13
08:16:13,08:16:48,"AD: LIC, LIC POLICY, FINANCE-INSURANCE, FINANCE",08:16:13-08:16:48
08:16:48,08:17:09,"AD: DR.MGR JANAKI COLLEGE OF ARTS AND SCIENCE, UG & PG COURSES, HIGHER EDUCATION, EDUCATION",08:16:48-08:17:09
08:17:09,08:17:25,"AD: THE EYE FOUNDATION, EYE CARE HOSPITAL, SERVICES - MEDICAL, HEALTHCARE",08:17:09-08:17:25
08:17:25,08:17:45,"AD: MALABAR GOLD AND DIAMONDS, GOLD & DIAMOND JEWELLERY, ACCESSORIES-JEWELLERY, ACCESSORIES",08:17:25-08:17:45
08:17:45,08:17:55,"AD: SA COLLEGE OF ARTS & SCIENCE, UG & PG COURSES, HIGHER EDUCATION, EDUCATION",08:17:45-08:17:55
08:17:55,08:18:15,"AD: LAKSHMI CERAMIC, CERAMIC TILES, BUILDING MATERIALS, CONSTRUCTIONS",08:17:55-08:18:15
08:18:15,08:18:36,"AD: ICAI CAMPUS, COACHING SERVICES, COACHING SERVICES, EDUCATION",08:18:15-08:18:36
08:18:36,08:19:21,"AD: CANARA BANK, BANKING SERVICES, BANKING & FINANCE, FINANCE",08:18:36-08:19:21
08:19:21,08:19:32,"AD: KINGMAKERS IAS ACADEMY, COACHING INSTITUTE, COACHING SERVICES, EDUCATION",08:19:21-08:19:32
08:19:32,08:19:58,"AD: RADIO CITY, BUSINESS TITANS, RADIO, ENTERTAINMENT",08:19:32-08:19:58
08:19:58,08:20:04,JINGLE: RADIO CITY TRAFFIC UPDATE,08:19:58-08:20:04
08:20:04,08:20:12,"AD: CANARA BANK, BANKING SERVICES, BANKING & FINANCE, FINANCE",08:20:04-08:20:12
08:20:12,08:20:17,"AD: ASTRA HEARING CARE, HEARING DIAGNOSTICS, SERVICE-MEDICAL, HEALTHCARE",08:20:12-08:20:17
08:20:17,08:20:25,"AD: FRESHEY'S, PANEER, FOOD PRODUCTS, FMCG",08:20:17-08:20:25
08:20:25,08:20:30,"AD: MANASA, SPICES, FOOD PRODUCTS, FMCG",08:20:25-08:20:30
08:20:30,08:20:34,JINGLE: RADIO CITY,08:20:30-08:20:34
08:20:34,08:20:39,JINGLE: RADIO CITY TRAFFIC UPDATE,08:20:34-08:20:39
08:20:39,08:20:58,"PROGRAM: TRAFFIC UPDATE, RJ BHARATH",08:20:39-08:20:58
08:20:58,08:21:05,JINGLE: HUNTER VANTAAR SONG INTRO,08:20:58-08:21:05
08:21:05,08:24:03,"SONG: HUNTER VANTAAR, ANIRUDH RAVICHANDER & SIDDHARTH BASRUR & ARIVU, VETTAIYAN, SONY MUSIC ENTERTAINMENT INDIA PVT LTD, 2024, TAMIL",08:21:05-08:24:03
08:24:03,08:24:11,JINGLE: RADIO CITY,08:24:03-08:24:11
08:24:11,08:24:19,JINGLE: POTTALA MUTTAYE SONG INTRO,08:24:11-08:24:19
08:24:19,08:27:55,"SONG: POTTALA MUTTAYE, SANTHOSH NARAYANAN & SUBLAHSHINI, THALAIVAN THALAIVII, SATHYA JYOTHI FILMS, 2025, TAMIL",08:24:19-08:27:55
08:27:55,08:27:58,JINGLE: RADIO CITY,08:27:55-08:27:58
08:27:58,08:29:38,"PROGRAM: THAMIZHODU VILAIYADU, RJ BHARATH",08:27:58-08:29:38
08:29:38,08:29:46,JINGLE: RADIO CITY,08:29:38-08:29:46
08:29:46,08:30:48,"AD: RADIO CITY, PONMALAI POZHUDHU SHOW, RADIO, ENTERTAINMENT",08:29:46-08:30:48
08:30:48,08:30:53,"AD: ASTRA HEARING CARE, HEARING DIAGNOSTICS, SERVICE-MEDICAL, HEALTHCARE",08:30:48-08:30:53
08:30:53,08:30:58,JINGLE: RADIO CITY,08:30:53-08:30:58
08:30:58,08:31:08,"AD: PRASHANTH HOSPITALS, HOSPITAL SERVICES, SERVICES-MEDICAL, HEALTHCARE",08:30:58-08:31:08
08:31:08,08:31:43,"AD: AVR SWARNA MAHAL, GOLD AND DIAMOND JEWELLERY, ACCESSORIES - JEWELLERY, ACCESSORIES",08:31:08-08:31:43
08:31:43,08:31:54,"AD: SA COLLEGE OF ARTS & SCIENCE, UG & PG COURSES, HIGHER EDUCATION, EDUCATION",08:31:43-08:31:54
08:31:54,08:32:35,"AD: LIC AGENT JOB, JOB OPPORTUNITY - INSURANCE AGENT, PUBLIC SERVICES AD, PUBLIC INTEREST",08:31:54-08:32:35
08:32:35,08:33:14,"AD: APOLLO HOSPITAL, MULTISPECIALITY HOSPITAL, SERVICE-MEDICAL, HEALTHCARE",08:32:35-08:33:14
08:33:14,08:33:30,"AD: THE EYE FOUNDATION, EYE CARE HOSPITAL, SERVICES - MEDICAL, HEALTHCARE",08:33:14-08:33:30
08:33:30,08:33:42,"AD: KINGMAKERS IAS ACADEMY, COACHING INSTITUTE, COACHING SERVICES, EDUCATION",08:33:30-08:33:42
08:33:42,08:34:27,"AD: CANARA BANK, BANKING SERVICES, BANKING & FINANCE, FINANCE",08:33:42-08:34:27
08:34:27,08:34:31,JINGLE: RADIO CITY,08:34:27-08:34:31
08:34:31,08:34:37,JINGLE: THAAI KELAVI SONG INTRO,08:34:31-08:34:37
08:34:37,08:37:55,"SONG: THAAI KELAVI, DHANUSH & ANIRUDH RAVICHANDER, THIRUCHITRAMBALAM, SUN PICTURES, 2022, TAMIL",08:34:37-08:37:55
08:37:55,08:38:03,JINGLE: RADIO CITY,08:37:55-08:38:03
08:38:03,08:38:21,JINGLE: KANAVELLAM SONG INTRO,08:38:03-08:38:21
08:38:21,08:41:26,"SONG: KANAVELLAM, AMRIT RAMNATH & ANANTHU & KALYANI NAIR & UTHARA UNNIKRISHNAN, 3BHK, THINK MUSIC, 2025, TAMIL",08:38:21-08:41:26
08:41:26,08:41:31,JINGLE: RADIO CITY,08:41:26-08:41:31
08:41:31,08:42:16,"PROGRAM: THAMIZHODU VILAIYADU, RJ BHARATH",08:41:31-08:42:16
08:42:16,08:42:21,"AD: ASTRA HEARING CARE, HEARING DIAGNOSTICS, SERVICE-MEDICAL, HEALTHCARE",08:42:16-08:42:21
08:42:21,08:42:26,JINGLE: RADIO CITY,08:42:21-08:42:26
08:42:26,08:42:29,JINGLE: RADIO CITY TIME CHECK,08:42:26-08:42:29
08:42:29,08:42:36,"AD: CANARA BANK, BANKING SERVICES, BANKING & FINANCE, FINANCE",08:42:29-08:42:36
08:42:36,08:42:42,"AD: ASTRA HEARING CARE, HEARING DIAGNOSTICS, SERVICE-MEDICAL, HEALTHCARE",08:42:36-08:42:42
08:42:42,08:42:47,"AD: FRESHEY'S, IDLI AND DOSA BATTER, FOOD PRODUCTS, FMCG",08:42:42-08:42:47
08:42:47,08:42:53,"AD: MANASA, HERBAL HAIR OIL, HAIR CARE, PERSONAL CARE",08:42:47-08:42:53
08:42:53,08:42:58,"AD: KINGMAKERS IAS ACADEMY, COACHING INSTITUTE, COACHING SERVICES, EDUCATION",08:42:53-08:42:58
08:42:58,08:43:03,JINGLE: RADIO CITY,08:42:58-08:43:03
08:43:03,08:43:15,JINGLE: CHELLAKILI SONG INTRO,08:43:03-08:43:15
08:43:15,08:47:23,"SONG: CHELLAKILI, BARATH DHANASEKAR & ADITHYA RK & VIJAY ANTHONY, ROMEO, THINK MUSIC, 2024, TAMIL",08:43:15-08:47:23
08:47:23,08:47:31,JINGLE: RADIO CITY,08:47:23-08:47:31
08:47:31,08:48:23,"AD: RC SWAPPR, PODCASTS & SHOWS APP, DIGITAL MEDIA, ENTERTAINMENT",08:47:31-08:48:23
08:48:23,08:48:49,"AD: RAINBOW CHILDREN'S HOSPITAL AND BIRTHRIGHT, HOSPITAL SERVICES, SERVICES-MEDICAL, HEALTHCARE",08:48:23-08:48:49
08:48:49,08:48:59,"AD: KINGMAKERS IAS ACADEMY, COACHING INSTITUTE, COACHING SERVICES, EDUCATION",08:48:49-08:48:59
08:48:59,08:49:15,"AD: SNEHALAYA SILKS, SILKS & SAREES, CLOTHING, TEXTILES & APPARELS",08:48:59-08:49:15
08:49:15,08:50:00,"AD: DR KAMATCHI HOSPITAL, MULTISPECIALITY HOSPITAL, SERVICE-MEDICAL, HEALTHCARE",08:49:15-08:50:00
08:50:00,08:50:10,"AD: SA COLLEGE OF ARTS & SCIENCE, UG & PG COURSES, HIGHER EDUCATION, EDUCATION",08:50:00-08:50:10
08:50:10,08:50:45,"AD: AVR SWARNA MAHAL, GOLD AND DIAMOND JEWELLERY, ACCESSORIES - JEWELLERY, ACCESSORIES",08:50:10-08:50:45
08:50:45,08:50:49,JINGLE: RADIO CITY,08:50:45-08:50:49
08:50:49,08:50:58,JINGLE: RADIO CITY,08:50:49-08:50:58
08:50:58,08:51:10,JINGLE: YAAYUM SONG INTRO,08:50:58-08:51:10
08:51:10,08:55:41,"SONG: YAAYUM, NARESH IYER & RITA THYAGARAJAN, SAGAA, THINK MUSIC, 2016, TAMIL",08:51:10-08:55:41
08:55:41,08:55:48,JINGLE: RADIO CITY,08:55:41-08:55:48
08:55:48,08:58:02,"PROGRAM: THAMIZHODU VILAIYADU, RJ BHARATH",08:55:48-08:58:02
08:58:02,08:58:07,JINGLE: SPONSOR JINGLE,08:58:02-08:58:07
08:58:07,08:58:12,"AD: VGN RICHMOND TOWERS, REAL ESTATE PROJECTS, PROPERTY-HOUSING, PROPERTY",08:58:07-08:58:12
08:58:12,08:58:17,"AD: DAVA INDIA, GENERIC PHARMACY, PHARMACEUTICALS, HEALTHCARE",08:58:12-08:58:17
08:58:17,08:58:23,"AD: THE EYE FOUNDATION, EYE CARE HOSPITAL, SERVICES - MEDICAL, HEALTHCARE",08:58:17-08:58:23
08:58:23,08:58:28,"AD: DEEPAM, INCENSE STICKS, SPIRITUAL ESSENTIALS, HOME FURNISHING",08:58:23-08:58:28
08:58:28,08:58:34,"AD: KINGMAKERS IAS ACADEMY, COACHING INSTITUTE, COACHING SERVICES, EDUCATION",08:58:28-08:58:34
08:58:34,08:58:38,"AD: ASTRA HEARING CARE, HEARING DIAGNOSTICS, SERVICE-MEDICAL, HEALTHCARE",08:58:34-08:58:38
08:58:38,08:58:44,JINGLE: RADIO CITY,08:58:38-08:58:44
08:58:44,08:59:33,"AD: RADIOCITY, REEL STAR, RADIO, ENTERTAINMENT",08:58:44-08:59:33
08:59:33,08:59:59,"AD: CANARA BANK, BANKING SERVICES, BANKING & FINANCE, FINANCE",08:59:33-08:59:59
09:00:00,09:00:18,"AD: CANARA BANK, BANKING SERVICES, BANKING & FINANCE, FINANCE",09:00:00-09:00:18
09:00:18,09:00:28,"AD: JOYALUKKAS, GOLD & DIAMOND JEWELLERY, ACCESSORIES-JEWELLERY, ACCESSORIES",09:00:18-09:00:28
09:00:28,09:00:45,"AD: THE EYE FOUNDATION, EYE CARE HOSPITAL, SERVICES - MEDICAL, HEALTHCARE",09:00:28-09:00:45
09:00:45,09:01:30,"AD: DR KAMATCHI HOSPITAL, MULTISPECIALITY HOSPITAL, SERVICE-MEDICAL, HEALTHCARE",09:00:45-09:01:30
09:01:30,09:01:50,"AD: ICAI CAMPUS, COACHING SERVICES, COACHING SERVICES, EDUCATION",09:01:30-09:01:50
09:01:50,09:02:30,"AD: APOLLO HOSPITAL, MULTISPECIALITY HOSPITAL, SERVICE-MEDICAL, HEALTHCARE",09:01:50-09:02:30
09:02:30,09:02:37,JINGLE: RADIO CITY,09:02:30-09:02:37
09:02:37,09:03:32,JINGLE: RADIO CITY 91.1 FM SONG,09:02:37-09:03:32
09:03:32,09:03:35,JINGLE: RADIO CITY,09:03:32-09:03:35
09:03:35,09:03:43,JINGLE: PONNI NADHI SONG INTRO,09:03:35-09:03:43
09:03:43,09:07:47,"SONG: PONNI NADHI, AR RAHMAN & AR RAIHANAH & BAMBA BAKYA, PONNIYIN SELVAN, TIPS INDUSTRIES LTD, 2022, TAMIL",09:03:43-09:07:47
09:07:47,09:07:51,JINGLE: RADIO CITY,09:07:47-09:07:51
09:07:51,09:08:11,JINGLE: MUGAI MAZHAI SONG INTRO,09:07:51-09:08:11
09:08:11,09:11:36,"SONG: MUGAI MAZHAI, SEAN ROLDAN & SAINDHAVI & MOHAN RAJAN, TOURIST FAMILY, THINK MUSIC, 2025, TAMIL",09:08:11-09:11:36
09:11:36,09:11:40,JINGLE: RADIO CITY,09:11:36-09:11:40
09:11:40,09:13:34,"PROGRAM: THAMIZHODU VILAIYADU, RJ BHARATH",09:11:40-09:13:34
09:13:34,09:15:34,"PROGRAM: PART 2 PREM KUMAR, RJ PREM KUMAR",09:13:34-09:15:34
09:15:34,09:15:40,JINGLE: RADIO CITY,09:15:34-09:15:40
09:15:40,09:15:47,"AD: FRESHEY'S, CURD, FOOD PRODUCTS, FMCG",09:15:40-09:15:47
09:15:47,09:15:52,"AD: MANASA, PICKLES, FOOD PRODUCTS, FMCG",09:15:47-09:15:52
09:15:52,09:15:58,"AD: RR MOBILES, SMARTPHONE, CONSUMER DURABLES-SMARTPHONE, COSUMER DURABLES",09:15:52-09:15:58
09:15:58,09:16:02,JINGLE: RADIO CITY,09:15:58-09:16:02
09:16:02,09:16:11,JINGLE: RADIO CITY,09:16:02-09:16:11
09:16:11,09:16:52,"AD: RADIO CITY, BUSINESS TITANS, RADIO, ENTERTAINMENT",09:16:11-09:16:52
09:16:52,09:17:43,"AD: DR KAMATCHI HOSPITAL, MULTISPECIALITY HOSPITAL, SERVICE-MEDICAL, HEALTHCARE",09:16:52-09:17:43
09:17:43,09:18:13,"AD: IFFCO TOKIO, LIFE INSURANCE, FINANCE-INSURANCE, FINANCE",09:17:43-09:18:13
09:18:13,09:18:34,"AD: DR.MGR JANAKI COLLEGE OF ARTS AND SCIENCE, UG & PG COURSES, HIGHER EDUCATION, EDUCATION",09:18:13-09:18:34
09:18:34,09:18:56,"AD: LAKSHMI CERAMIC, CERAMIC TILES, BUILDING MATERIALS, CONSTRUCTIONS",09:18:34-09:18:56
09:18:56,09:19:06,"AD: PRASHANTH HOSPITALS, HOSPITAL SERVICES, SERVICES-MEDICAL, HEALTHCARE",09:18:56-09:19:06
09:19:06,09:19:23,"AD: THE EYE FOUNDATION, EYE CARE HOSPITAL, SERVICES - MEDICAL, HEALTHCARE",09:19:06-09:19:23
09:19:23,09:19:34,"AD: KINGMAKERS IAS ACADEMY, COACHING INSTITUTE, COACHING SERVICES, EDUCATION",09:19:23-09:19:34
09:19:34,09:20:19,"AD: CANARA BANK, BANKING SERVICES, BANKING & FINANCE, FINANCE",09:19:34-09:20:19
09:20:19,09:21:06,"AD: DR KAMATCHI HOSPITAL, MULTISPECIALITY HOSPITAL, SERVICE-MEDICAL, HEALTHCARE",09:20:19-09:21:06
09:21:06,09:21:54,"AD: RADIOCITY, REEL STAR, RADIO, ENTERTAINMENT",09:21:06-09:21:54
09:21:54,09:22:00,JINGLE: RADIO CITY TRAFFIC UPDATE,09:21:54-09:22:00
09:22:00,09:22:07,"AD: CANARA BANK, BANKING SERVICES, BANKING & FINANCE, FINANCE",09:22:00-09:22:07
09:22:07,09:22:13,"AD: ASTRA HEARING CARE, HEARING DIAGNOSTICS, SERVICE-MEDICAL, HEALTHCARE",09:22:07-09:22:13
09:22:13,09:22:21,"AD: FRESHEY'S, PANEER, FOOD PRODUCTS, FMCG",09:22:13-09:22:21
09:22:21,09:22:26,"AD: MANASA, SPICES, FOOD PRODUCTS, FMCG",09:22:21-09:22:26
09:22:26,09:22:30,JINGLE: RADIO CITY,09:22:26-09:22:30
09:22:30,09:23:20,"PROGRAM: TRAFFIC UPDATE, RJ BHARATH",09:22:30-09:23:20
09:23:20,09:23:31,JINGLE: MELLALI MELLALI SONG INTRO,09:23:20-09:23:31
09:23:31,09:27:10,"SONG: MELLALI MELLALI, BARATH VEERARAGHAVAN & KARTHIK NETHA & PRADEEP KUMAR & AISHWERYA RADHAKRISHNAN, AKKENAM, DIVO TV PVT LTD, 2025, TAMIL",09:23:31-09:27:10
09:27:10,09:27:21,JINGLE: RADIO CITY,09:27:10-09:27:21
09:27:21,09:27:29,JINGLE: RADIO CITY,09:27:21-09:27:29
09:27:29,09:28:31,"AD: RADIO CITY, PONMALAI POZHUDHU SHOW, RADIO, ENTERTAINMENT",09:27:29-09:28:31
09:28:31,09:28:36,"AD: ASTRA HEARING CARE, HEARING DIAGNOSTICS, SERVICE-MEDICAL, HEALTHCARE",09:28:31-09:28:36
09:28:36,09:28:40,JINGLE: RADIO CITY,09:28:36-09:28:40
09:28:40,09:29:06,"AD: RAINBOW CHILDREN'S HOSPITAL AND BIRTHRIGHT, HOSPITAL SERVICES, SERVICES-MEDICAL, HEALTHCARE",09:28:40-09:29:06
09:29:06,09:29:51,"AD: FSSAI, EAT RIGHT INDIA, PUBLIC SERVICE ADS, PUBLIC INTEREST",09:29:06-09:29:51
09:29:51,09:30:21,"AD: RESERVE BANK OF INDIA (RBI), BANKING SERVICES, BANKING & FINANCE, FINANCE",09:29:51-09:30:21
09:30:21,09:30:56,"AD: LIC, LIC LIFE INSURANCE, FINANCE-INSURANCE, FINANCE",09:30:21-09:30:56
09:30:56,09:31:06,"AD: PRASHANTH HOSPITALS, HOSPITAL SERVICES, SERVICES-MEDICAL, HEALTHCARE",09:30:56-09:31:06
09:31:06,09:31:17,"AD: GALAXY HEALTH INSURANCE, HEALTH- INSURANCE, FINANCE-INSURANCE, FINANCE",09:31:06-09:31:17
09:31:17,09:31:38,"AD: MALABAR GOLD AND DIAMONDS, GOLD & DIAMOND JEWELLERY, ACCESSORIES-JEWELLERY, ACCESSORIES",09:31:17-09:31:38
09:31:38,09:32:08,"AD: SRM GLOBAL, MULTISPECIALITY HOSPITAL, SERVICE-MEDICAL, HEALTHCARE",09:31:38-09:32:08
09:32:08,09:32:48,"AD: APOLLO HOSPITAL, MULTISPECIALITY HOSPITAL, SERVICE-MEDICAL, HEALTHCARE",09:32:08-09:32:48
09:32:48,09:33:05,"AD: THE EYE FOUNDATION, EYE CARE HOSPITAL, SERVICES - MEDICAL, HEALTHCARE",09:32:48-09:33:05
09:33:05,09:33:44,"AD: DR KAMATCHI HOSPITAL, MULTISPECIALITY HOSPITAL, SERVICE-MEDICAL, HEALTHCARE",09:33:05-09:33:44
09:33:44,09:34:06,"AD: LAKSHMI CERAMIC, CERAMIC TILES, BUILDING MATERIALS, CONSTRUCTIONS",09:33:44-09:34:06
09:34:06,09:34:46,"AD: APOLLO HOSPITAL, MULTISPECIALITY HOSPITAL, SERVICE-MEDICAL, HEALTHCARE",09:34:06-09:34:46
09:34:46,09:35:17,"AD: IFFCO TOKIO, LIFE INSURANCE, FINANCE-INSURANCE, FINANCE",09:34:46-09:35:17
09:35:17,09:36:02,"AD: DR KAMATCHI HOSPITAL, MULTISPECIALITY HOSPITAL, SERVICE-MEDICAL, HEALTHCARE",09:35:17-09:36:02
09:36:02,09:36:12,"AD: JOYALUKKAS, GOLD & DIAMOND JEWELLERY, ACCESSORIES-JEWELLERY, ACCESSORIES",09:36:02-09:36:12
09:36:12,09:36:43,"AD: RAINBOW CHILDREN'S HOSPITAL AND BIRTHRIGHT, HOSPITAL SERVICES, SERVICES-MEDICAL, HEALTHCARE",09:36:12-09:36:43
09:36:43,09:37:09,"AD: RADIO CITY, BUSINESS TITANS, RADIO, ENTERTAINMENT",09:36:43-09:37:09
09:37:09,09:37:22,JINGLE: RADIO CITY,09:37:09-09:37:22
09:37:22,09:37:29,JINGLE: BULLET SONG INTRO,09:37:22-09:37:29
09:37:29,09:41:11,"SONG: BULLET SONG, DSP & HARIPRIYA & SILAMBARASAN TR, THE WARRIOR, ADITYA MUSIC, 2022, TAMIL",09:37:29-09:41:11
09:41:11,09:41:15,JINGLE: RADIO CITY,09:41:11-09:41:15
09:41:15,09:41:22,JINGLE: DHEEMA DHEEMA SONG INTRO,09:41:15-09:41:22
09:41:22,09:45:09,"SONG: DHEEMA DHEEMA, ANIRUDH RAVICHANDER, LOVE INSURANCE KOMPANY, SONY MUSIC ENTERTAINMENT INDIA PVT LTD, 2024, TAMIL",09:41:22-09:45:09
09:45:09,09:47:29,"PROGRAM: THAMIZHODU VILAIYADU, RJ BHARATH",09:45:09-09:47:29
09:47:29,09:47:32,JINGLE: RADIO CITY TIME CHECK,09:47:29-09:47:32
09:47:32,09:47:40,"AD: CANARA BANK, BANKING SERVICES, BANKING & FINANCE, FINANCE",09:47:32-09:47:40
09:47:40,09:47:45,"AD: ASTRA HEARING CARE, HEARING DIAGNOSTICS, SERVICE-MEDICAL, HEALTHCARE",09:47:40-09:47:45
09:47:45,09:47:50,"AD: FRESHEY'S, IDLI AND DOSA BATTER, FOOD PRODUCTS, FMCG",09:47:45-09:47:50
09:47:50,09:47:56,"AD: MANASA, HERBAL HAIR OIL, HAIR CARE, PERSONAL CARE",09:47:50-09:47:56
09:47:56,09:48:01,"AD: KINGMAKERS IAS ACADEMY, COACHING INSTITUTE, COACHING SERVICES, EDUCATION",09:47:56-09:48:01
09:48:01,09:48:05,JINGLE: RADIO CITY,09:48:01-09:48:05
09:48:05,09:48:14,JINGLE: RADIO CITY,09:48:05-09:48:14
09:48:14,09:49:06,"AD: RC SWAPPR, PODCASTS & SHOWS APP, DIGITAL MEDIA, ENTERTAINMENT",09:48:14-09:49:06
09:49:06,09:49:17,"AD: SA COLLEGE OF ARTS & SCIENCE, UG & PG COURSES, HIGHER EDUCATION, EDUCATION",09:49:06-09:49:17
09:49:17,09:49:37,"AD: MALABAR GOLD AND DIAMONDS, GOLD & DIAMOND JEWELLERY, ACCESSORIES-JEWELLERY, ACCESSORIES",09:49:17-09:49:37
09:49:37,09:49:58,"AD: DR.MGR JANAKI COLLEGE OF ARTS AND SCIENCE, UG & PG COURSES, HIGHER EDUCATION, EDUCATION",09:49:37-09:49:58
09:49:58,09:50:43,"AD: FSSAI, EAT RIGHT INDIA, PUBLIC SERVICE ADS, PUBLIC INTEREST",09:49:58-09:50:43
09:50:43,09:51:03,"AD: LAKSHMI CERAMIC, CERAMIC TILES, BUILDING MATERIALS, CONSTRUCTIONS",09:50:43-09:51:03
09:51:03,09:51:24,"AD: ICAI CAMPUS, COACHING SERVICES, COACHING SERVICES, EDUCATION",09:51:03-09:51:24
09:51:24,09:52:09,"AD: CANARA BANK, BANKING SERVICES, BANKING & FINANCE, FINANCE",09:51:24-09:52:09
09:52:09,09:52:13,JINGLE: RADIO CITY,09:52:09-09:52:13
09:52:13,09:52:26,JINGLE: BOOMI ENNA SUTHUDHE SONG INTRO,09:52:13-09:52:26
09:52:26,09:55:54,"SONG: BOOMI ENNA SUTHUDHE, ANIRUDH RAVICHANDER, ETHIR NEECHAL, SONY MUSIC ENTERTAINMENT INDIA PVT LTD, 2012, TAMIL",09:52:26-09:55:54
09:55:54,09:55:57,JINGLE: RADIO CITY,09:55:54-09:55:57
09:55:57,09:56:13,JINGLE: ARUVADAI SONG INTRO,09:55:57-09:56:13
09:56:13,09:58:42,"SONG: ARUVADAI, GV PRAKASH KUMAR & VIKRAM & SINDHURI VISHAL & MATHICHIYAM BALA & SUGANTHI & UMA DEVI, THANGALAAN, TIMES MUSIC, 2024, TAMIL",09:56:13-09:58:42
09:58:42,09:58:45,JINGLE: RADIO CITY,09:58:42-09:58:45
09:58:45,09:59:59,"PROGRAM: THAMIZHODU VILAIYADU, RJ BHARATH",09:58:45-09:59:59
10:00:00,10:00:04,"AD: RADIO CITY, GOOD MORNING BY RJ BHARATH, RADIO, ENTERTAINMENT",10:00:00-10:00:04
10:00:04,10:00:52,"AD: RADIOCITY, REEL STAR, RADIO, ENTERTAINMENT",10:00:04-10:00:52
10:00:52,10:01:03,"AD: KINGMAKERS IAS ACADEMY, COACHING INSTITUTE, COACHING SERVICES, EDUCATION",10:00:52-10:01:03
10:01:03,10:01:49,"AD: CANARA BANK, BANKING SERVICES, BANKING & FINANCE, FINANCE",10:01:03-10:01:49
10:01:49,10:02:24,"AD: AVR SWARNA MAHAL, GOLD AND DIAMOND JEWELLERY, ACCESSORIES - JEWELLERY, ACCESSORIES",10:01:49-10:02:24
10:02:24,10:02:54,"AD: RAINBOW CHILDREN'S HOSPITAL AND BIRTHRIGHT, HOSPITAL SERVICES, SERVICES-MEDICAL, HEALTHCARE",10:02:24-10:02:54
10:02:54,10:03:25,"AD: RESERVE BANK OF INDIA (RBI), BANKING SERVICES, BANKING & FINANCE, FINANCE",10:02:54-10:03:25
10:03:25,10:03:55,"AD: INDIAN NAVY, VACANCIES OPEN - SAILORS & OFFICERS, PUBLIC SERVICES AD, PUBLIC INTEREST",10:03:25-10:03:55
10:03:55,10:04:00,JINGLE: RADIO CITY,10:03:55-10:04:00
10:04:00,10:05:13,JINGLE: RADIO CITY SONG,10:04:00-10:05:13
10:05:13,10:08:35,"SONG: JODI PORUTHAM, LAKSHMIKANTH M, AANPAAVAM POLLATHATHU, SAREGAMA, 2025, TAMIL",10:05:13-10:08:35
10:08:35,10:09:04,JINGLE: RADIO CITY,10:08:35-10:09:04
10:09:04,10:12:36,"SONG: THARANGINI, SARTHAK KALYANI & MIRA SENGUPTA, COBRA, SONY MUSIC INDIA PVT. LTD, 2022, TAMIL",10:09:04-10:12:36
10:12:36,10:13:30,"PROGRAM: TAMIZHODU VELAIYADU, RJ BHARATH",10:12:36-10:13:30
10:13:30,10:15:31,"PROGRAM: PART 2 PREM KUMAR, RJ PREM KUMAR",10:13:30-10:15:31
10:15:31,10:15:38,"AD: FRESHEY'S, CURD, FOOD PRODUCTS, FMCG",10:15:31-10:15:38
10:15:38,10:15:43,"AD: MANASA, PICKLES, FOOD PRODUCTS, FMCG",10:15:38-10:15:43
10:15:43,10:15:49,"AD: RR MOBILES, SMARTPHONE, CONSUMER DURABLES-SMARTPHONE, COSUMER DURABLES",10:15:43-10:15:49
10:15:49,10:16:02,JINGLE: RADIO CITY,10:15:49-10:16:02
10:16:02,10:16:43,"AD: RADIO CITY, BUSINESS TITANS, RADIO, ENTERTAINMENT",10:16:02-10:16:43
10:16:43,10:16:54,"AD: KINGMAKERS IAS ACADEMY, COACHING INSTITUTE, COACHING SERVICES, EDUCATION",10:16:43-10:16:54
10:16:54,10:17:35,"AD: APOLLO HOSPITAL, MULTISPECIALITY HOSPITAL, SERVICE-MEDICAL, HEALTHCARE",10:16:54-10:17:35
10:17:35,10:18:20,"AD: CANARA BANK, BANKING SERVICES, BANKING & FINANCE, FINANCE",10:17:35-10:18:20
10:18:20,10:18:31,"AD: JOYALUKKAS, GOLD & DIAMOND JEWELLERY, ACCESSORIES-JEWELLERY, ACCESSORIES",10:18:20-10:18:31
10:18:31,10:18:47,"AD: THE EYE FOUNDATION, EYE CARE CLINIC, SERVICE-MEDICAL, HEALTHCARE",10:18:31-10:18:47
10:18:47,10:19:13,"AD: RADIO CITY, BUSINESS TITANS, RADIO, ENTERTAINMENT",10:18:47-10:19:13
10:19:13,10:19:19,"AD: RADIO CITY, TRAFFIC UPDATE, RADIO, ENTERTAINMENT",10:19:13-10:19:19
10:19:19,10:19:27,"AD: CANARA BANK, BANKING SERVICES, BANKING & FINANCE, FINANCE",10:19:19-10:19:27
10:19:27,10:19:32,"AD: ASTRA HEARING CARE, HEARING DIAGNOSTICS, SERVICE-MEDICAL, HEALTHCARE",10:19:27-10:19:32
10:19:32,10:19:40,"AD: FRESHEY'S, PANEER, FOOD PRODUCTS, FMCG",10:19:32-10:19:40
10:19:40,10:19:45,"AD: MANASA, SPICES, CONFECTIONARY, FMCG",10:19:40-10:19:45
10:19:45,10:19:50,JINGLE: RADIO CITY,10:19:45-10:19:50
10:19:50,10:20:26,"PROGRAM: TRAFFIC UPDATE, RJ BHARATH",10:19:50-10:20:26
10:20:26,10:23:36,"SONG: YEDI, DHANUSH & JONITA GANDHI, NILAVUKU EN MEL ENNADI KOBAM, WUNDERBAR FILMS, 2024, TAMIL",10:20:26-10:23:36
10:23:36,10:24:04,JINGLE: RADIO CITY SONG,10:23:36-10:24:04
10:24:04,10:27:51,"SONG: KALASALA KALASALA, L.R. ESWARI, OSTHE, SONY MUSIC INDIA PVT. LTD, 2011, TAMIL",10:24:04-10:27:51
10:27:51,10:30:02,"PROGRAM: TAMIZHODU VELAIYADU, RJ BHARATH",10:27:51-10:30:02
10:30:02,10:30:07,JINGLE: RADIO CITY,10:30:02-10:30:07
10:30:07,10:30:38,"AD: INDIAN NAVY, VACANCIES OPEN - SAILORS & OFFICERS, PUBLIC SERVICES AD, PUBLIC INTEREST",10:30:07-10:30:38
10:30:38,10:30:58,"AD: DR.MGR JANAKI COLLEGE OF ARTS AND SCIENCE, UG & PG COURSES, HIGHER EDUCATION, EDUCATION",10:30:38-10:30:58
10:30:58,10:31:21,"AD: LAKSHMI CERAMIC, CERAMIC TILES, BUILDING MATERIALS, CONSTRUCTIONS",10:30:58-10:31:21
10:31:21,10:32:06,"AD: CANARA BANK, BANKING SERVICES, BANKING & FINANCE, FINANCE",10:31:21-10:32:06
10:32:06,10:32:37,"AD: RAINBOW CHILDREN'S HOSPITAL AND BIRTHRIGHT, HOSPITAL SERVICES, SERVICES-MEDICAL, HEALTHCARE",10:32:06-10:32:37
10:32:37,10:32:47,"AD: SA COLLEGE OF ARTS & SCIENCE, UG & PG COURSES, HIGHER EDUCATION, EDUCATION",10:32:37-10:32:47
10:32:47,10:32:58,"AD: JOYALUKKAS, GOLD & DIAMOND JEWELLERY, ACCESSORIES-JEWELLERY, ACCESSORIES",10:32:47-10:32:58
10:32:58,10:33:08,"AD: GALAXY HEALTH INSURANCE, HEALTH- INSURANCE, FINANCE-INSURANCE, FINANCE",10:32:58-10:33:08
10:33:08,10:33:34,JINGLE: RADIO CITY,10:33:08-10:33:34
10:33:34,10:36:13,"SONG: NATCHATHIRA, PRIYA MALI & ABHISHEK SURESH, OHO ENTHAN BABY, THINK MUSIC, 2025, TAMIL",10:33:34-10:36:13
10:36:13,10:36:27,JINGLE: RADIO CITY,10:36:13-10:36:27
10:36:27,10:39:43,"SONG: UYIREY, NAKUL ABHYANKAR & RAMYA BHATT ABHYANKAR, AMARAN, SAREGAMA TAMIL, 2024, TAMIL",10:36:27-10:39:43
10:39:43,10:41:30,"PROGRAM: TAMIZHODU VELAIYADU, RJ BHARATH",10:39:43-10:41:30
10:41:30,10:41:38,"AD: CANARA BANK, BANKING SERVICES, BANKING & FINANCE, FINANCE",10:41:30-10:41:38
10:41:38,10:41:43,"AD: ASTRA HEARING CARE, HEARING DIAGNOSTICS, SERVICE-MEDICAL, HEALTHCARE",10:41:38-10:41:43
10:41:43,10:41:49,"AD: FRESHEY'S, IDLI AND DOSA BATTER, FOOD PRODUCTS, FMCG",10:41:43-10:41:49
10:41:49,10:41:54,"AD: MANASA, HERBAL HAIR OIL, HAIR CARE, PERSONAL CARE",10:41:49-10:41:54
10:41:54,10:42:00,"AD: KINGMAKERS IAS ACADEMY, COACHING INSTITUTE, COACHING SERVICES, EDUCATION",10:41:54-10:42:00
10:42:00,10:42:05,JINGLE: RADIO CITY,10:42:00-10:42:05
10:42:05,10:42:53,"AD: RADIO CITY, LOVE SHOT BY LOVE GURU, RADIO, ENTERTAINMENT",10:42:05-10:42:53
10:42:53,10:42:58,JINGLE: RADIO CITY,10:42:53-10:42:58
10:42:58,10:43:08,"AD: KINGMAKERS IAS ACADEMY, COACHING INSTITUTE, COACHING SERVICES, EDUCATION",10:42:58-10:43:08
10:43:08,10:43:29,"AD: MALABAR GOLD AND DIAMONDS, GOLD & DIAMOND JEWELLERY, ACCESSORIES-JEWELLERY, ACCESSORIES",10:43:08-10:43:29
10:43:29,10:43:39,"AD: PRASHANTH HOSPITALS, HOSPITAL SERVICES, SERVICES-MEDICAL, HEALTHCARE",10:43:29-10:43:39
10:43:39,10:44:10,"AD: IFFCO TOKIO, LIFE INSURANCE, FINANCE-INSURANCE, FINANCE",10:43:39-10:44:10
10:44:10,10:44:55,"AD: FSSAI, EAT RIGHT INDIA, PUBLIC SERVICE ADS, PUBLIC INTEREST",10:44:10-10:44:55
10:44:55,10:45:20,"AD: RAINBOW CHILDREN'S HOSPITAL AND BIRTHRIGHT, HOSPITAL SERVICES, SERVICES-MEDICAL, HEALTHCARE",10:44:55-10:45:20
10:45:20,10:45:51,"AD: RESERVE BANK OF INDIA (RBI), BANKING SERVICES, BANKING & FINANCE, FINANCE",10:45:20-10:45:51
10:45:51,10:46:16,"AD: SRM GLOBAL, MULTISPECIALITY HOSPITAL, SERVICE-MEDICAL, HEALTHCARE",10:45:51-10:46:16
10:46:16,10:46:27,"AD: GALAXY HEALTH INSURANCE, HEALTH- INSURANCE, FINANCE-INSURANCE, FINANCE",10:46:16-10:46:27
10:46:27,10:46:48,"AD: LAKSHMI CERAMIC, CERAMIC TILES, BUILDING MATERIALS, CONSTRUCTIONS",10:46:27-10:46:48
10:46:48,10:47:03,"AD: SNEHALAYA SILKS, SILKS & SAREES, CLOTHING, TEXTILES & APPARELS",10:46:48-10:47:03
10:47:03,10:47:19,"AD: ANUJ TILES, CERAMIC TILES, BUILDING MATERIALS, CONSTRUCTIONS",10:47:03-10:47:19
10:47:19,10:47:39,"AD: ICAI CAMPUS, COACHING SERVICES, COACHING SERVICES, EDUCATION",10:47:19-10:47:39
10:47:39,10:48:25,"AD: CANARA BANK, BANKING SERVICES, BANKING & FINANCE, FINANCE",10:47:39-10:48:25
10:48:25,10:48:41,"AD: RADIO CITY, BUSINESS TITANS, RADIO, ENTERTAINMENT",10:48:25-10:48:41
10:48:41,10:48:45,JINGLE: RADIO CITY,10:48:41-10:48:45
10:48:45,10:53:16,"SONG: VINVELI NAYAGA, SHRUTI HAASAN & A.R. AMEEN, THUG LIFE, SAREGAMA INDIA LTD, 2025, TAMIL",10:48:45-10:53:16
10:53:16,10:53:21,JINGLE: RADIO CITY,10:53:16-10:53:21
10:53:21,10:54:08,"PROGRAM: TAMIZHODU VELAIYADU, RJ BHARATH",10:53:21-10:54:08
10:54:08,10:54:12,JINGLE: SPONSOR JINGLE,10:54:08-10:54:12
10:54:12,10:54:18,"AD: VGN KENSINGTON TOWERS, REAL ESTATE PROJECTS, PROPERTY-HOUSING, PROPERTY",10:54:12-10:54:18
10:54:18,10:54:23,"AD: DAVA INDIA, GENERIC PHARMACY, PHARMACEUTICALS, HEALTHCARE",10:54:18-10:54:23
10:54:23,10:54:29,"AD: THE EYE FOUNDATION, EYE CARE CLINIC, SERVICE-MEDICAL, HEALTHCARE",10:54:23-10:54:29
10:54:29,10:54:33,"AD: DEEPAM, INCENSE STICKS, SPIRITUAL ESSENTIALS, HOME FURNISHING",10:54:29-10:54:33
10:54:33,10:54:39,"AD: KINGMAKERS IAS ACADEMY, COACHING INSTITUTE, COACHING SERVICES, EDUCATION",10:54:33-10:54:39
10:54:39,10:54:44,"AD: ASTRA HEARING CARE, HEARING DIAGNOSTICS, SERVICE-MEDICAL, HEALTHCARE",10:54:39-10:54:44
10:54:44,10:54:58,JINGLE: RADIO CITY,10:54:44-10:54:58
10:54:58,10:55:46,"AD: RADIOCITY, REEL STAR, RADIO, ENTERTAINMENT",10:54:58-10:55:46
10:55:46,10:56:26,"AD: APOLLO HOSPITAL, MULTISPECIALITY HOSPITAL, SERVICE-MEDICAL, HEALTHCARE",10:55:46-10:56:26
10:56:26,10:56:52,"AD: SRM GLOBAL, MULTISPECIALITY HOSPITAL, SERVICE-MEDICAL, HEALTHCARE",10:56:26-10:56:52
10:56:52,10:57:22,"AD: IFFCO TOKIO, LIFE INSURANCE, FINANCE-INSURANCE, FINANCE",10:56:52-10:57:22
10:57:22,10:57:47,"AD: RAINBOW CHILDREN'S HOSPITAL AND BIRTHRIGHT, HOSPITAL SERVICES, SERVICES-MEDICAL, HEALTHCARE",10:57:22-10:57:47
10:57:47,10:58:07,"AD: MALABAR GOLD AND DIAMONDS, GOLD & DIAMOND JEWELLERY, ACCESSORIES-JEWELLERY, ACCESSORIES",10:57:47-10:58:07
10:58:07,10:58:18,"AD: KINGMAKERS IAS ACADEMY, COACHING INSTITUTE, COACHING SERVICES, EDUCATION",10:58:07-10:58:18
10:58:18,10:58:38,"AD: LAKSHMI CERAMIC, CERAMIC TILES, BUILDING MATERIALS, CONSTRUCTIONS",10:58:18-10:58:38
10:58:38,10:58:48,"AD: GALAXY HEALTH INSURANCE, HEALTH- INSURANCE, FINANCE-INSURANCE, FINANCE",10:58:38-10:58:48
10:58:48,10:59:34,"AD: CANARA BANK, BANKING SERVICES, BANKING & FINANCE, FINANCE",10:58:48-10:59:34
10:59:34,10:59:55,"AD: ICAI CAMPUS, COACHING SERVICES, COACHING SERVICES, EDUCATION",10:59:34-10:59:55
10:59:55,10:59:59,JINGLE: RADIO CITY,10:59:55-10:59:59
11:00:00,11:00:13,JINGLE: RADIO CITY,11:00:00-11:00:13
11:00:13,11:01:13,JINGLE: RADIO CITY SONG,11:00:13-11:01:13
11:01:13,11:04:26,"SONG: VELAGAADHA, KAPIL KAPILAN, LOVER, THINK MUSIC, 2023, TAMIL",11:01:13-11:04:26
11:04:26,11:04:58,JINGLE: RADIO CITY,11:04:26-11:04:58
11:04:58,11:09:02,"SONG: JINGUCHAA, VAISHALI SAMANT & SHAKTHISREE GOPALAN & ADITHYA RK, THUG LIFE, SAREGAMA INDIA LTD, 2025, TAMIL",11:04:58-11:09:02
11:09:02,11:09:45,JINGLE: RADIO CITY,11:09:02-11:09:45
11:09:45,11:12:40,"SONG: SAWADEEKA, ANIRUDH RAVICHANDER & ANTHONY DAASAN, VIDAAMUYARCHI, SONY MUSIC INDIA PVT. LTD, 2024, TAMIL",11:09:45-11:12:40
11:12:40,11:12:44,JINGLE: TIME CHECK,11:12:40-11:12:44
11:12:44,11:12:51,"AD: CANARA BANK, BANKING SERVICES, BANKING & FINANCE, FINANCE",11:12:44-11:12:51
11:12:51,11:12:56,"AD: ASTRA HEARING CARE, HEARING DIAGNOSTICS, SERVICE-MEDICAL, HEALTHCARE",11:12:51-11:12:56
11:12:56,11:13:01,"AD: FRESHEY'S, IDLI AND DOSA BATTER, FOOD PRODUCTS, FMCG",11:12:56-11:13:01
11:13:01,11:13:07,"AD: MANASA, HERBAL HAIR OIL, HAIR CARE, PERSONAL CARE",11:13:01-11:13:07
11:13:07,11:13:12,"AD: KINGMAKERS IAS ACADEMY, COACHING INSTITUTE, COACHING SERVICES, EDUCATION",11:13:07-11:13:12
11:13:12,11:13:17,JINGLE: RADIO CITY,11:13:12-11:13:17
11:13:17,11:13:58,"AD: RADIO CITY, BUSINESS TITANS, RADIO, ENTERTAINMENT",11:13:17-11:13:58
11:13:58,11:14:08,"AD: GALAXY HEALTH INSURANCE, HEALTH- INSURANCE, FINANCE-INSURANCE, FINANCE",11:13:58-11:14:08
11:14:08,11:14:24,"AD: ANUJ TILES, CERAMIC TILES, BUILDING MATERIALS, CONSTRUCTIONS",11:14:08-11:14:24
11:14:24,11:14:39,"AD: SNEHALAYA SILKS, SILKS & SAREES, CLOTHING, TEXTILES & APPARELS",11:14:24-11:14:39
11:14:39,11:14:50,"AD: KINGMAKERS IAS ACADEMY, COACHING INSTITUTE, COACHING SERVICES, EDUCATION",11:14:39-11:14:50
11:14:50,11:15:00,"AD: PRASHANTH HOSPITALS, HOSPITAL SERVICES, SERVICES-MEDICAL, HEALTHCARE",11:14:50-11:15:00
11:15:00,11:15:11,"AD: KINGMAKERS IAS ACADEMY, COACHING INSTITUTE, COACHING SERVICES, EDUCATION",11:15:00-11:15:11
11:15:11,11:15:41,"AD: IFFCO TOKIO, LIFE INSURANCE, FINANCE-INSURANCE, FINANCE",11:15:11-11:15:41
11:15:41,11:15:52,"AD: KINGMAKERS IAS ACADEMY, COACHING INSTITUTE, COACHING SERVICES, EDUCATION",11:15:41-11:15:52
11:15:52,11:16:02,"AD: SA COLLEGE OF ARTS & SCIENCE, UG & PG COURSES, HIGHER EDUCATION, EDUCATION",11:15:52-11:16:02
11:16:02,11:16:12,"AD: PRASHANTH HOSPITALS, HOSPITAL SERVICES, SERVICES-MEDICAL, HEALTHCARE",11:16:02-11:16:12
11:16:12,11:16:23,"AD: GALAXY HEALTH INSURANCE, HEALTH- INSURANCE, FINANCE-INSURANCE, FINANCE",11:16:12-11:16:23
11:16:23,11:16:34,"AD: KINGMAKERS IAS ACADEMY, COACHING INSTITUTE, COACHING SERVICES, EDUCATION",11:16:23-11:16:34
11:16:34,11:16:46,JINGLE: RADIO CITY,11:16:34-11:16:46
11:16:46,11:21:06,"SONG: ADIYE UNNA PAATHIDA, SATHYA PRAKASH & VANDANA SRINIVASAN, VETRIVEL, THINK MUSIC, 2016, TAMIL",11:16:46-11:21:06
11:21:06,11:21:33,JINGLE: RADIO CITY,11:21:06-11:21:33
11:21:33,11:25:49,"SONG: DILLUBARU AAJA, SILAMBARASAN TR & SHWETA MOHAN, DIESEL, THIRD EYE ENTERTAINMENT, 2025, TAMIL",11:21:33-11:25:49
11:25:49,11:26:06,JINGLE: RADIO CITY,11:25:49-11:26:06
11:26:06,11:26:54,"AD: RADIOCITY, REEL STAR, RADIO, ENTERTAINMENT",11:26:06-11:26:54
11:26:54,11:27:23,JINGLE: POO VAASAM PURAPPADUM SONG INTRO,11:26:54-11:27:23
11:27:23,11:31:18,"SONG: POO VAASAM PURAPPADUM, VIJAY PRAKASH & SADHANA SARGAM, ANBE SIVAM, LAKSHMI MOVIE MAKERS, 2003, TAMIL",11:27:23-11:31:18
11:31:18,11:31:33,JINGLE: RADIO CITY,11:31:18-11:31:33
11:31:33,11:35:20,"SONG: MAILAANJI, PRADEEP KUMAR & SHREYA GHOSHAL, NAMMA VEETTU PILLAI, SUN PICTURES, 2019, TAMIL",11:31:33-11:35:20
11:35:20,11:37:10,"PROGRAM: PART 2 PREM KUMAR, RJ PREM KUMAR",11:35:20-11:37:10
11:37:10,11:37:17,"AD: FRESHEY'S, CURD, FOOD PRODUCTS, FMCG",11:37:10-11:37:17
11:37:17,11:37:22,"AD: MANASA, PICKLES, FOOD PRODUCTS, FMCG",11:37:17-11:37:22
11:37:22,11:37:28,"AD: RR MOBILES, SMARTPHONE, CONSUMER DURABLES-SMARTPHONE, COSUMER DURABLES",11:37:22-11:37:28
11:37:28,11:37:33,JINGLE: RADIO CITY,11:37:28-11:37:33
11:37:33,11:38:35,"AD: RADIOCITY, PONMAALAI POZHUDHU RJ BHARATH, RADIO, ENTERTAINMENT",11:37:33-11:38:35
11:38:35,11:38:40,"AD: ASTRA HEARING CARE, HEARING DIAGNOSTICS, SERVICE-MEDICAL, HEALTHCARE",11:38:35-11:38:40
11:38:40,11:39:36,JINGLE: I'M SCARED SONG INTRO,11:38:40-11:39:36
11:39:36,11:41:09,"SONG: Iâ€™M SCARED, ANIRUDH RAVICHANDER, LEO, SONY MUSIC ENTERTAINMENT INDIA PVT. LTD, 2023, TAMIL",11:39:36-11:41:09
11:41:09,11:41:37,JINGLE: RADIO CITY,11:41:09-11:41:37
11:41:37,11:44:42,"SONG: UYIR PATHIKAAMA, SANTHOSH NARAYANAN, VIJAYNARAIN & ADITYA RAVINDRAN, VAA VAATHIYAAR, THINK MUSIC INDIA, 2025, TAMIL",11:41:37-11:44:42
11:44:42,11:44:57,JINGLE: RADIO CITY,11:44:42-11:44:57
11:44:57,11:48:28,"SONG: URUGI URUGI, ANAND ARAVINDAKSHAN, JOE, SIDDHU KUMAR MUSICALS, 2023, TAMIL",11:44:57-11:48:28
11:48:28,11:49:04,JINGLE: RADIO CITY,11:48:28-11:49:04
11:49:04,11:53:02,"SONG: CHINNA MACHAN, SENTHIL GANESH & RAJALAKSHMI, CHARLIE CHAPLIN 2, SAREGAMA INDIA LTD, 2019, TAMIL",11:49:04-11:53:02
11:53:02,11:53:06,JINGLE: SPONSOR JINGLE,11:53:02-11:53:06
11:53:06,11:53:11,"AD: DAVA INDIA, GENERIC PHARMACY, PHARMACEUTICALS, HEALTHCARE",11:53:06-11:53:11
11:53:11,11:53:18,"AD: THE EYE FOUNDATION, EYE CARE CLINIC, SERVICE-MEDICAL, HEALTHCARE",11:53:11-11:53:18
11:53:18,11:53:23,"AD: DR KAMATCHI HOSPITAL, MULTISPECIALITY HOSPITAL, SERVICE-MEDICAL, HEALTHCARE",11:53:18-11:53:23
11:53:23,11:53:31,JINGLE: RADIO CITY,11:53:23-11:53:31
11:53:31,11:53:50,"AD: RADIO CITY, CITY BAZAR, RADIO, ENTERTAINMENT",11:53:31-11:53:50
11:53:50,11:54:01,"AD: KINGMAKERS IAS ACADEMY, COACHING INSTITUTE, COACHING SERVICES, EDUCATION",11:53:50-11:54:01
11:54:01,11:54:12,"AD: HOTEL VIRUDUNAGAR, HOTEL & ACCOMMODATION, HOSPITALITY & RESORT, TRAVEL & TOURISM",11:54:01-11:54:12
11:54:12,11:54:22,"AD: ANUJ TILES, CERAMIC TILES, BUILDING MATERIALS, CONSTRUCTIONS",11:54:12-11:54:22
11:54:22,11:54:26,JINGLE: RADIO CITY,11:54:22-11:54:26
11:54:26,11:54:37,"AD: KINGMAKERS IAS ACADEMY, COACHING INSTITUTE, COACHING SERVICES, EDUCATION",11:54:26-11:54:37
11:54:37,11:54:52,"AD: SNEHALAYA SILKS, SILKS & SAREES, CLOTHING, TEXTILES & APPARELS",11:54:37-11:54:52
11:54:52,11:55:03,"AD: KINGMAKERS IAS ACADEMY, COACHING INSTITUTE, COACHING SERVICES, EDUCATION",11:54:52-11:55:03
11:55:03,11:55:29,"AD: RADIO CITY, BUSINESS TITANS, RADIO, ENTERTAINMENT",11:55:03-11:55:29
11:55:29,11:55:44,JINGLE: RADIO CITY,11:55:29-11:55:44
11:55:44,11:59:44,"SONG: NAA READY, VIJAY & ANIRUDH RAVICHANDER & ASAL KOLAAR, LEO, SONY MUSIC ENTERTAINMENT INDIA PVT. LTD, 2023, TAMIL",11:55:44-11:59:44
11:59:44,11:59:59,JINGLE: RADIO CITY,11:59:44-11:59:59
12:00:00,12:00:50,JINGLE: RADIO CITY,12:00:00-12:00:50
12:00:50,12:03:53,"SONG: KALLOORUM, HARICHARAN & SHWETA MOHAN, VEERA DHEERA SOORAN, THINK MUSIC INDIA), 2025, TAMIL",12:00:50-12:03:53
12:03:53,12:04:15,"AD: RC SWAPPR, PODCASTS & SHOWS APP, DIGITAL MEDIA, ENTERTAINMENT",12:03:53-12:04:15
12:04:15,12:04:38,JINGLE: MAANJA NEE SONG INTRO,12:04:15-12:04:38
12:04:38,12:08:02,"SONG: MAANJA NEE, A.R. RAHMAN & A.R. AMEEN, AYALAAN, SONY MUSIC ENTERTAINMENT INDIA PVT. LTD, 2024, TAMIL",12:04:38-12:08:02
12:08:02,12:08:35,JINGLE: RADIO CITY,12:08:02-12:08:35
12:08:35,12:11:28,"SONG: MAAYA THEERA, ANAL AKASH & PUNYA SELVA, DNA, THINK MUSIC INDIA, 2025, TAMIL",12:08:35-12:11:28
12:11:28,12:11:31,JINGLE: TIME CHECK,12:11:28-12:11:31
12:11:31,12:11:39,"AD: CANARA BANK, BANKING SERVICES, BANKING & FINANCE, FINANCE",12:11:31-12:11:39
12:11:39,12:11:44,"AD: ASTRA HEARING CARE, HEARING DIAGNOSTICS, SERVICE-MEDICAL, HEALTHCARE",12:11:39-12:11:44
12:11:44,12:11:50,"AD: FRESHEY'S, IDLI AND DOSA BATTER, FOOD PRODUCTS, FMCG",12:11:44-12:11:50
12:11:50,12:11:55,"AD: KINGMAKERS IAS ACADEMY, COACHING INSTITUTE, COACHING SERVICES, EDUCATION",12:11:50-12:11:55
12:11:55,12:12:00,JINGLE: RADIO CITY,12:11:55-12:12:00
12:12:00,12:12:41,"AD: RADIO CITY, BUSINESS TITANS, RADIO, ENTERTAINMENT",12:12:00-12:12:41
12:12:41,12:12:56,"AD: HOTEL VIRUDUNAGAR, HOTEL & ACCOMMODATION, HOSPITALITY & RESORT, TRAVEL & TOURISM",12:12:41-12:12:56
12:12:56,12:13:21,"AD: SRM GLOBAL, MULTISPECIALITY HOSPITAL, SERVICE-MEDICAL, HEALTHCARE",12:12:56-12:13:21
12:13:21,12:13:32,"AD: KINGMAKERS IAS ACADEMY, COACHING INSTITUTE, COACHING SERVICES, EDUCATION",12:13:21-12:13:32
12:13:32,12:14:08,JINGLE: RADIO CITY,12:13:32-12:14:08
12:14:08,12:17:12,"SONG: KANAVELLAAM, AMRIT RAMNATH, 3BHK, THINK MUSIC INDIA, 2025, TAMIL",12:14:08-12:17:12
12:17:12,12:17:37,JINGLE: RADIO CITY,12:17:12-12:17:37
12:17:37,12:20:34,"SONG: KAAVAALAA, SHILPA RAO & ANIRUDH RAVICHANDER, JAILER, SUN PICTURES, 2023, TAMIL",12:17:37-12:20:34
12:20:34,12:20:49,"AD: HOTEL VIRUDUNAGAR, HOTEL & ACCOMMODATION, HOSPITALITY & RESORT, TRAVEL & TOURISM",12:20:34-12:20:49
12:20:49,12:21:09,"AD: MALABAR GOLD AND DIAMONDS, GOLD & DIAMOND JEWELLERY, ACCESSORIES-JEWELLERY, ACCESSORIES",12:20:49-12:21:09
12:21:09,12:21:21,"AD: SA COLLEGE OF ARTS & SCIENCE, UG & PG COURSES, HIGHER EDUCATION, EDUCATION",12:21:09-12:21:21
12:21:21,12:21:38,JINGLE: RADIO CITY,12:21:21-12:21:38
12:21:38,12:21:57,"AD: RADIO CITY, CITY BAZAR, RADIO, ENTERTAINMENT",12:21:38-12:21:57
12:21:57,12:22:07,"AD: KINGMAKERS IAS ACADEMY, COACHING INSTITUTE, COACHING SERVICES, EDUCATION",12:21:57-12:22:07
12:22:07,12:22:18,"AD: HOTEL VIRUDUNAGAR, HOTEL & ACCOMMODATION, HOSPITALITY & RESORT, TRAVEL & TOURISM",12:22:07-12:22:18
12:22:18,12:22:28,"AD: ANUJ TILES, CERAMIC TILES, BUILDING MATERIALS, CONSTRUCTIONS",12:22:18-12:22:28
12:22:28,12:22:50,JINGLE: RADIO CITY,12:22:28-12:22:50
12:22:50,12:27:14,"SONG: OTTAIYANUM SENJA THARA, HARIHARAN & SRIMATHUMITHA, ARUL, SPI MUSIC, 2004, TAMIL",12:22:50-12:27:14
12:27:14,12:27:50,JINGLE: RADIO CITY,12:27:14-12:27:50
12:27:50,12:31:15,"SONG: KATHARI POOVAZHAGI, VELMURUGAN & RAJALAKSHMI, ASURAN, THINK MUSIC INDIA, 2019, TAMIL",12:27:50-12:31:15
12:31:15,12:33:28,"PROGRAM: PART 2 PREM KUMAR, RJ PREM KUMAR",12:31:15-12:33:28
12:33:28,12:33:35,"AD: FRESHEY'S, CURD, FOOD PRODUCTS, FMCG",12:33:28-12:33:35
12:33:35,12:33:42,"AD: RR MOBILES, SMARTPHONE, CONSUMER DURABLES-SMARTPHONE, COSUMER DURABLES",12:33:35-12:33:42
12:33:42,12:33:46,JINGLE: RADIO CITY,12:33:42-12:33:46
12:33:46,12:33:57,"AD: KINGMAKERS IAS ACADEMY, COACHING INSTITUTE, COACHING SERVICES, EDUCATION",12:33:46-12:33:57
12:33:57,12:34:17,"AD: MALABAR GOLD AND DIAMONDS, GOLD & DIAMOND JEWELLERY, ACCESSORIES-JEWELLERY, ACCESSORIES",12:33:57-12:34:17
12:34:17,12:34:32,"AD: HOTEL VIRUDUNAGAR, HOTEL & ACCOMMODATION, HOSPITALITY & RESORT, TRAVEL & TOURISM",12:34:17-12:34:32
12:34:32,12:35:21,"AD: RADIOCITY, REEL STAR, RADIO, ENTERTAINMENT",12:34:32-12:35:21
12:35:21,12:35:37,JINGLE: RADIO CITY,12:35:21-12:35:37
12:35:37,12:39:20,"SONG: MAAYOONEY, JONITA GANDHI & SEAN ROLDAN, INGA NAAN THAAN KINGU, SAREGAMA INDIA LTD, 2024, TAMIL",12:35:37-12:39:20
12:39:20,12:39:49,JINGLE: RADIO CITY,12:39:20-12:39:49
12:39:49,12:44:00,"SONG: HAIYODI, KAPIL KAPILAN, MR.X, SONY MUSIC ENTERTAINMENT INDIA PVT. LTD, 2025, TAMIL",12:39:49-12:44:00
12:44:00,12:44:24,JINGLE: RADIO CITY,12:44:00-12:44:24
12:44:24,12:47:37,"SONG: JALABULAJANGU, ANIRUDH RAVICHANDER & ROKESH, DON, SONY MUSIC ENTERTAINMENT INDIA PVT. LTD, 2022, TAMIL",12:44:24-12:47:37
12:47:37,12:48:09,JINGLE: RADIO CITY,12:47:37-12:48:09
12:48:09,12:52:46,"SONG: MASCARA, SUPRIYA JOSHI & VIJAY ANTONY, SALIM, SAREGAMA INDIA LTD, 2014, TAMIL",12:48:09-12:52:46
12:52:46,12:53:26,"AD: RADIO CITY, BUSINESS TITANS, RADIO, ENTERTAINMENT",12:52:46-12:53:26
12:53:26,12:53:35,JINGLE: RADIO CITY,12:53:26-12:53:35
12:53:35,12:53:40,"AD: DAVA INDIA, GENERIC PHARMACY, PHARMACEUTICALS, HEALTHCARE",12:53:35-12:53:40
12:53:40,12:53:46,"AD: THE EYE FOUNDATION, EYE CARE CLINIC, SERVICE-MEDICAL, HEALTHCARE",12:53:40-12:53:46
12:53:46,12:53:52,"AD: DR KAMATCHI HOSPITAL, MULTISPECIALITY HOSPITAL, SERVICE-MEDICAL, HEALTHCARE",12:53:46-12:53:52
12:53:52,12:53:56,JINGLE: RADIO CITY,12:53:52-12:53:56
12:53:56,12:54:07,"AD: SA COLLEGE OF ARTS & SCIENCE, UG & PG COURSES, HIGHER EDUCATION, EDUCATION",12:53:56-12:54:07
12:54:07,12:54:17,"AD: JOYALUKKAS, GOLD & DIAMOND JEWELLERY, ACCESSORIES-JEWELLERY, ACCESSORIES",12:54:07-12:54:17
12:54:17,12:54:27,"AD: SA COLLEGE OF ARTS & SCIENCE, UG & PG COURSES, HIGHER EDUCATION, EDUCATION",12:54:17-12:54:27
12:54:27,12:54:53,JINGLE: RADIO CITY,12:54:27-12:54:53
12:54:53,12:59:05,"SONG: BABYMA, G.V. PRASHAK KUMAR, SABA NAYAGAN, SAREGAMA INDIA LTD, 2023, TAMIL",12:54:53-12:59:05
12:59:05,12:59:29,JINGLE: RADIO CITY,12:59:05-12:59:29
12:59:29,12:59:59,"SONG: DHEEMA, ANIRUDH RAVICHANDER, LOVE INSURANCE KOMPANY, SONY MUSIC ENTERTAINMENT INDIA PVT. LTD, 2024, TAMIL",12:59:29-12:59:59
13:00:00,13:03:16,"SONG: DHEEMA, ANIRUDH RAVICHANDER, LOVE INSURANCE KOMPANY, SONY MUSIC ENTERTAINMENT INDIA PVT. LTD, 2024, TAMIL",13:00:00-13:03:16
13:03:16,13:04:17,JINGLE: RADIO CITY SONG,13:03:16-13:04:17
13:04:17,13:08:12,"SONG: ORU OORULA RAAJA, SANTHOSH NARAYANAN, VAAZHAI, THINK MUSIC INDIA, 2024, TAMIL",13:04:17-13:08:12
13:08:12,13:08:36,JINGLE: RADIO CITY,13:08:12-13:08:36
13:08:36,13:12:15,"SONG: BADASS, ANIRUDH RAVICHANDER, LEO, SONY MUSIC ENTERTAINMENT INDIA PVT. LTD, 2023, TAMIL",13:08:36-13:12:15
13:12:15,13:12:39,JINGLE: RADIO CITY,13:12:15-13:12:39
13:12:39,13:16:21,"SONG: MUTHTHA MAZHAI , CHINMAYI SRIPADA & SIVA ANANTH, THUG LIFE, SAREGAMA INDIA LTD, 2025, TAMIL",13:12:39-13:16:21
13:16:21,13:16:24,JINGLE: TIME CHECK,13:16:21-13:16:24
13:16:24,13:16:32,"AD: CANARA BANK, BANKING SERVICES, BANKING & FINANCE, FINANCE",13:16:24-13:16:32
13:16:32,13:16:37,"AD: ASTRA HEARING CARE, HEARING DIAGNOSTICS, SERVICE-MEDICAL, HEALTHCARE",13:16:32-13:16:37
13:16:37,13:16:43,"AD: FRESHEY'S, IDLI AND DOSA BATTER, FOOD PRODUCTS, FMCG",13:16:37-13:16:43
13:16:43,13:16:48,"AD: KINGMAKERS IAS ACADEMY, COACHING INSTITUTE, COACHING SERVICES, EDUCATION",13:16:43-13:16:48
13:16:48,13:16:53,JINGLE: RADIO CITY,13:16:48-13:16:53
13:16:53,13:17:34,"AD: RADIO CITY, BUSINESS TITANS, RADIO, ENTERTAINMENT",13:16:53-13:17:34
13:17:34,13:17:54,"AD: ICAI CAMPUS, COACHING SERVICES, COACHING SERVICES, EDUCATION",13:17:34-13:17:54
13:17:54,13:18:04,"AD: SA COLLEGE OF ARTS & SCIENCE, UG & PG COURSES, HIGHER EDUCATION, EDUCATION",13:17:54-13:18:04
13:18:04,13:18:23,"AD: RADIO CITY, CITY BAZAR, RADIO, ENTERTAINMENT",13:18:04-13:18:23
13:18:23,13:18:34,"AD: KINGMAKERS IAS ACADEMY, COACHING INSTITUTE, COACHING SERVICES, EDUCATION",13:18:23-13:18:34
13:18:34,13:18:44,"AD: HOTEL VIRUDUNAGAR, HOTEL & ACCOMMODATION, HOSPITALITY & RESORT, TRAVEL & TOURISM",13:18:34-13:18:44
13:18:44,13:18:55,"AD: ANUJ TILES, CERAMIC TILES, BUILDING MATERIALS, CONSTRUCTIONS",13:18:44-13:18:55
13:18:55,13:19:07,JINGLE: RADIO CITY,13:18:55-13:19:07
13:19:07,13:22:59,"SONG: MADURAIKKU POGATHADEE, BENNY DAYAL & ARCHITH & DARSHANA KT, AZHAGIYA TAMIL MAGAN, SAREGAMA INDIA LTD (AUDIO RIGHTS), 2007, TAMIL",13:19:07-13:22:59
13:22:59,13:23:18,JINGLE: RADIO CITY,13:22:59-13:23:18
13:23:18,13:26:58,"SONG: MELLALI MELLALI, PRADEEP KUMAR & AISHWERYA RADHAKRISHNAN, AKKENAM, A & P GROUPS, 2025, TAMIL",13:23:18-13:26:58
13:26:58,13:27:06,JINGLE: RADIO CITY,13:26:58-13:27:06
13:27:06,13:27:26,"AD: MALABAR GOLD AND DIAMONDS, GOLD & DIAMOND JEWELLERY, ACCESSORIES-JEWELLERY, ACCESSORIES",13:27:06-13:27:26
13:27:26,13:27:37,"AD: KINGMAKERS IAS ACADEMY, COACHING INSTITUTE, COACHING SERVICES, EDUCATION",13:27:26-13:27:37
13:27:37,13:27:52,"AD: HOTEL VIRUDUNAGAR, HOTEL & ACCOMMODATION, HOSPITALITY & RESORT, TRAVEL & TOURISM",13:27:37-13:27:52
13:27:52,13:28:21,JINGLE: RADIO CITY,13:27:52-13:28:21
13:28:21,13:31:48,"SONG: ORU ARAI UNATHU, YAZIN NIZAR & SANAH MOIDUTTY, MAARA, THINK MUSIC INDIA, 2021, TAMIL",13:28:21-13:31:48
13:31:48,13:32:03,JINGLE: RADIO CITY,13:31:48-13:32:03
13:32:03,13:36:29,"SONG: SIRUKKI VAASAM, SANTHOSH NARAYANAN & ANAND ARAVINDAKSHAN & SHWETA MOHAN, KODI, TAMIL",13:32:03-13:36:29
13:36:29,13:37:26,"AD: RADIO CITY, ENTRENDRUM KONDADUM BY RJ MUNNAH , RADIO, ENTERTAINMENT",13:36:29-13:37:26
13:37:26,13:39:12,"PROGRAM: PART 2 PREM KUMAR, RJ PREM KUMAR",13:37:26-13:39:12
13:39:12,13:39:19,"AD: FRESHEY'S, CURD, FOOD PRODUCTS, FMCG",13:39:12-13:39:19
13:39:19,13:39:26,"AD: RR MOBILES, SMARTPHONE, CONSUMER DURABLES-SMARTPHONE, COSUMER DURABLES",13:39:19-13:39:26
13:39:26,13:39:30,JINGLE: RADIO CITY,13:39:26-13:39:30
13:39:30,13:40:00,"AD: RESERVE BANK OF INDIA (RBI), BANKING SERVICES, BANKING & FINANCE, FINANCE",13:39:30-13:40:00
13:40:00,13:40:10,"AD: KINGMAKERS IAS ACADEMY, COACHING INSTITUTE, COACHING SERVICES, EDUCATION",13:40:00-13:40:10
13:40:10,13:40:26,"AD: ANUJ TILES, CERAMIC TILES, BUILDING MATERIALS, CONSTRUCTIONS",13:40:10-13:40:26
13:40:26,13:40:48,JINGLE: RADIO CITY,13:40:26-13:40:48
13:40:48,13:44:11,"SONG: JODI PORUTHAM, LAKSHMIKANTH M, AANPAAVAM POLLATHATHU, SAREGAMA INDIA LTD, 2025, TAMIL",13:40:48-13:44:11
13:44:11,13:44:27,JINGLE: RADIO CITY,13:44:11-13:44:27
13:44:27,13:47:52,"SONG: VAZHITHUNAIYE, SID SRIRAM & SANJANA KALMANJE, DRAGON, THINK MUSIC INDIA, 2025, TAMIL",13:44:27-13:47:52
13:47:52,13:48:09,JINGLE: RADIO CITY,13:47:52-13:48:09
13:48:09,13:52:50,"SONG: KAALATHUKKUM NEE VENUM, SILAMBARASAN TR & RAKSHITA SURESH, VENDHU THANINDHATHU KAADU, THINK MUSIC, 2022, TAMIL",13:48:09-13:52:50
13:52:50,13:53:23,JINGLE: RADIO CITY,13:52:50-13:53:23
13:53:23,13:55:57,"SONG:PAANDI PAARTHEN, SEAN ROLDAN & SHWETA MOHAN, PA PAANDI, WUNDERBAR FILMS, 2017, TAMIL",13:53:23-13:55:57
13:55:57,13:56:01,JINGLE: RADIO CITY,13:55:57-13:56:01
13:56:01,13:56:27,"AD: RADIO CITY, BUSINESS TITANS, RADIO, ENTERTAINMENT",13:56:01-13:56:27
13:56:27,13:57:29,"AD: RADIOCITY, PONMAALAI POZHUDHU, RADIO, ENTERTAINMENT",13:56:27-13:57:29
13:57:29,13:57:34,"AD: ASTRA HEARING CARE, HEARING DIAGNOSTICS, SERVICE-MEDICAL, HEALTHCARE",13:57:29-13:57:34
13:57:34,13:57:43,JINGLE: RADIO CITY,13:57:34-13:57:43
13:57:43,13:57:48,"AD: DAVA INDIA, GENERIC PHARMACY, PHARMACEUTICALS, HEALTHCARE",13:57:43-13:57:48
13:57:48,13:57:54,"AD: THE EYE FOUNDATION, EYE CARE CLINIC, SERVICE-MEDICAL, HEALTHCARE",13:57:48-13:57:54
13:57:54,13:58:00,"AD: DR KAMATCHI HOSPITAL, MULTISPECIALITY HOSPITAL, SERVICE-MEDICAL, HEALTHCARE",13:57:54-13:58:00
13:58:00,13:58:04,JINGLE: RADIO CITY,13:58:00-13:58:04
13:58:04,13:58:14,"AD: SA COLLEGE OF ARTS & SCIENCE, UG & PG COURSES, HIGHER EDUCATION, EDUCATION",13:58:04-13:58:14
13:58:14,13:58:30,"AD: HOTEL VIRUDUNAGAR, HOTEL & ACCOMMODATION, HOSPITALITY & RESORT, TRAVEL & TOURISM",13:58:14-13:58:30
13:58:30,13:58:45,"AD: ANUJ TILES, CERAMIC TILES, BUILDING MATERIALS, CONSTRUCTIONS",13:58:30-13:58:45
13:58:45,13:58:56,"AD: JOYALUKKAS, GOLD & DIAMOND JEWELLERY, ACCESSORIES-JEWELLERY, ACCESSORIES",13:58:45-13:58:56
13:58:56,13:59:09,JINGLE: RADIO CITY,13:58:56-13:59:09
13:59:03,13:59:09,JINGLE: RATHAMAREY SONG INTRO,13:59:03-13:59:09
13:59:09,13:59:59,"SONG: RATHA MAAREY, VISHAL MISHRA & ANIRUDH RAVICHANDER & VIGNESH SHIVAN, JAILER, SUN PICTURES, 2023, TAMIL",13:59:09-13:59:59
14:00:00,14:03:13,"SONG: RATHA MAAREY, VISHAL MISHRA & ANIRUDH RAVICHANDER & VIGNESH SHIVAN, JAILER, SUN PICTURES, 2023, TAMIL",14:00:00-14:03:13
14:03:13,14:04:16,JINGLE: RADIO CITY,14:03:13-14:04:16
14:04:16,14:07:58,"SONG: MAKKAMISHI, HARRIS JAYARAJ & PAAL DABBA, BROTHER, PRINCE PICTURES, 2024, TAMIL",14:04:16-14:07:58
14:07:58,14:08:05,JINGLE: RADIO CITY,14:07:58-14:08:05
14:08:05,14:08:09,JINGLE: RADIO CITY,14:08:05-14:08:09
14:08:09,14:10:02,"PROGRAM: THANK YOU DOCTOR, RJ SHAKTI",14:08:09-14:10:02
14:10:02,14:12:36,"SONG: JUJUBEE, ANIRUDH RAVICHANDER & DHEE & SUPER SUBU, JAILER, SUN PICTURES, 2023, TAMIL",14:10:02-14:12:36
14:12:36,14:12:57,JINGLE: RADIO CITY,14:12:36-14:12:57
14:12:57,14:16:18,"SONG: CHIKITU, ANIRUDH RAVICHANDER & T. RAJENDAR & ARIVU, COOLIE, SUN PICTURES, 2025, TAMIL",14:12:57-14:16:18
14:16:18,14:16:21,JINGLE: RADIO CITY,14:16:18-14:16:21
14:16:21,14:16:57,"AD: RADIOCITY, REEL STAR, RADIO, ENTERTAINMENT",14:16:21-14:16:57
14:16:57,14:17:04,"AD: CANARA BANK, BANKING SERVICES, BANKING & FINANCE, FINANCE",14:16:57-14:17:04
14:17:04,14:17:09,"AD: ASTRA HEARING CARE, HEARING DIAGNOSTICS, SERVICE-MEDICAL,Â HEALTHCARE",14:17:04-14:17:09
14:17:09,14:17:14,"AD: FRESHEY'S, IDLI AND DOSA BATTER, FOOD PRODUCTS,Â FMCG",14:17:09-14:17:14
14:17:14,14:17:20,"AD: KINGMAKERS IAS ACADEMY, COACHING INSTITUTE, COACHING SERVICES,Â EDUCATION",14:17:14-14:17:20
14:17:20,14:17:24,JINGLE: RADIO CITY,14:17:20-14:17:24
14:17:24,14:18:05,"AD: RADIO CITY, BUSINESS TITANS, RADIO, ENTERTAINMENT",14:17:24-14:18:05
14:18:05,14:18:16,"AD: SA COLLEGE OF ARTS & SCIENCE, UG & PG COURSES, HIGHER EDUCATION,Â EDUCATION",14:18:05-14:18:16
14:18:16,14:18:36,"AD: MALABAR GOLD AND DIAMONDS, GOLD & DIAMOND JEWELLERY, ACCESSORIES-JEWELLERY, ACCESSORIES",14:18:16-14:18:36
14:18:36,14:18:51,"AD: HOTEL VIRUDUNAGAR, HOTEL & ACCOMMODATION, HOSPITALITY & RESORT, TRAVELÂ &Â TOURISM",14:18:36-14:18:51
14:18:51,14:19:04,JINGLE: KUMARI SONG INTRO,14:18:51-14:19:04
14:19:04,14:23:19,"SONG: KUMARI, HARRIS JAYARAJ & SHANKAR MAHADEVAN & HARINI, ANNIYAN, SREE ASCAR FILMS, 2005, TAMIL",14:19:04-14:23:19
14:23:19,14:24:07,"AD: RADIO CITY, LOVE SHOT BY LOVE GURU, RADIO, ENTERTAINMENT",14:23:19-14:24:07
14:24:07,14:24:12,JINGLE: RADIO CITY,14:24:07-14:24:12
14:24:12,14:24:19,JINGLE: RADIO CITY,14:24:12-14:24:19
14:24:19,14:24:30,"AD: SA COLLEGE OF ARTS & SCIENCE, UG & PG COURSES, HIGHER EDUCATION,Â EDUCATION",14:24:19-14:24:30
14:24:30,14:24:45,"AD: HOTEL VIRUDUNAGAR, HOTEL & ACCOMMODATION, HOSPITALITY & RESORT, TRAVELÂ &Â TOURISM",14:24:30-14:24:45
14:24:45,14:25:05,"AD: MALABAR GOLD AND DIAMONDS, GOLD & DIAMOND JEWELLERY, ACCESSORIES-JEWELLERY, ACCESSORIES",14:24:45-14:25:05
14:25:05,14:25:15,"AD: DAVA INDIA, GENERIC MEDICINES, PHARMACEUTICALS, HEALTHCARE",14:25:05-14:25:15
14:25:15,14:25:21,"AD: THE EYE FOUNDATION, EYE CARE CLINIC, SERVICE-MEDICAL,Â HEALTHCARE",14:25:15-14:25:21
14:25:21,14:25:27,"AD: DR KAMATCHI HOSPTIAL, MULTISPECIALITY HOSPITAL, SERVICE-MEDICAL,Â HEALTHCARE",14:25:21-14:25:27
14:25:27,14:25:38,JINGLE: RADIO CITY,14:25:27-14:25:38
14:25:38,14:29:13,"SONG: VAA VAATHI, G.V. PRAKASH KUMAR & SHWETA MOHAN & DHANUSH, VAATHI, SITHARA ENTERTAINMENTS & FORTUNE FOUR CINEMA, 2023, TAMIL",14:25:38-14:29:13
14:29:13,14:29:30,JINGLE: RADIO CITY,14:29:13-14:29:30
14:29:30,14:33:05,"SONG: VINMEEN, ABHAY JODHPURKAR & SAINDHAVI PRAKASH, THEGIDI, THINK MUSIC, 2014, TAMIL",14:29:30-14:33:05
14:33:05,14:33:10,JINGLE: RADIO CITY,14:33:05-14:33:10
14:33:10,14:34:58,PROGRAM: RJ SHAKTI,14:33:10-14:34:58
14:34:58,14:36:51,"PROGRAM: PART 2 PREMKUMAR, RJ PREMKUMAR",14:34:58-14:36:51
14:36:51,14:36:55,JINGLE: RADIO CITY,14:36:51-14:36:55
14:36:55,14:37:56,"AD: RADIOCITY, PONMAALAI POZHUDHU, RADIO, ENTERTAINMENT",14:36:55-14:37:56
14:37:56,14:38:03,"AD: ASTRA HEARING CARE, HEARING DIAGNOSTICS, SERVICE-MEDICAL,Â HEALTHCARE",14:37:56-14:38:03
14:38:03,14:38:07,JINGLE: RADIO CITY,14:38:03-14:38:07
14:38:07,14:38:16,JINGLE: RADIO CITY,14:38:07-14:38:16
14:38:16,14:38:35,"AD: ICAI CAMPUS, COACHING SERVICES, COACHING SERVICES,Â EDUCATION",14:38:16-14:38:35
14:38:35,14:38:51,"AD: HOTEL VIRUDUNAGAR, HOTEL & ACCOMMODATION, HOSPITALITY & RESORT, TRAVELÂ &Â TOURISM",14:38:35-14:38:51
14:38:51,14:39:00,"AD: DAVA INDIA, GENERIC MEDICINES, PHARMACEUTICALS, HEALTHCARE",14:38:51-14:39:00
14:39:00,14:39:06,"AD: THE EYE FOUNDATION, EYE CARE CLINIC, SERVICE-MEDICAL,Â HEALTHCARE",14:39:00-14:39:06
14:39:06,14:39:12,"AD: DR KAMATCHI HOSPTIAL, MULTISPECIALITY HOSPITAL, SERVICE-MEDICAL,Â HEALTHCARE",14:39:06-14:39:12
14:39:12,14:39:17,JINGLE: RADIO CITY,14:39:12-14:39:17
14:39:17,14:40:05,"AD: RADIOCITY, REEL STAR, RADIO, ENTERTAINMENT",14:39:17-14:40:05
14:40:05,14:40:22,JINGLE: RADIO CITY,14:40:05-14:40:22
14:40:22,14:43:58,"SONG: POTTALA MUTTAYE, SANTHOSH NARAYANAN & SUBLAHSHINI & VIVEK, THALAIVAN THALAIVII, SONY MUSIC SOUTH, 2024, TAMIL",14:40:22-14:43:58
14:43:58,14:44:25,JINGLE: RADIO CITY,14:43:58-14:44:25
14:44:25,14:47:49,"SONG: NET AH THORANDHA, HIPHOP TAMIZHA, NAA ORU ALIEN, THINK MUSIC, 2024, TAMIL",14:44:25-14:47:49
14:47:49,14:48:05,JINGLE: RADIO CITY,14:47:49-14:48:05
14:48:05,14:52:44,"SONG: ARADHYA, SID SRIRAM & CHINMAYI SRIPADA, KUSHI, MAITRI MOVIE MAKERS, 2023, TAMIL",14:48:05-14:52:44
14:52:44,14:52:54,"AD: DAVA INDIA, GENERIC MEDICINES, PHARMACEUTICALS, HEALTHCARE",14:52:44-14:52:54
14:52:54,14:53:01,"AD: THE EYE FOUNDATION, EYE CARE CLINIC, SERVICE-MEDICAL,Â HEALTHCARE",14:52:54-14:53:01
14:53:01,14:53:06,"AD: DR KAMATCHI HOSPTIAL, MULTISPECIALITY HOSPITAL, SERVICE-MEDICAL,Â HEALTHCARE",14:53:01-14:53:06
14:53:06,14:53:40,JINGLE: RADIO CITY,14:53:06-14:53:40
14:53:40,14:57:34,"SONG: AVAL, SANTHOSH NARAYANAN & PRADEEP & PRIYA HEMESH, MANITHAN, THINK MUSIC, 2016, TAMIL",14:53:40-14:57:34
14:57:34,14:57:39,JINGLE: RADIO CITY,14:57:34-14:57:39
14:57:39,14:58:27,PROGRAM: RJ SHAKTI,14:57:39-14:58:27
14:58:27,14:58:36,"AD: VGN KENSINGTON TOWERS, REAL ESTATE PROJECTS, PROPERTY-HOUSING,Â PROPERTY",14:58:27-14:58:36
14:58:36,14:58:42,"AD: DAVA INDIA, GENERIC MEDICINES, PHARMACEUTICALS, HEALTHCARE",14:58:36-14:58:42
14:58:42,14:58:48,"AD: SAIBOL, SKIN OINTMENT, PHARMACEUTICALS, HEALTHCARE",14:58:42-14:58:48
14:58:48,14:58:55,"AD: THE EYE FOUNDATION, EYE CARE CLINIC, SERVICE-MEDICAL,Â HEALTHCARE",14:58:48-14:58:55
14:58:55,14:59:00,"AD: DR KAMATCHI HOSPTIAL, MULTISPECIALITY HOSPITAL, SERVICE-MEDICAL,Â HEALTHCARE",14:58:55-14:59:00
14:59:00,14:59:05,JINGLE: RADIO CITY,14:59:00-14:59:05
14:59:05,14:59:34,"AD: SRM GLOBAL, MULTISPECIALITY HOSPITAL, SERVICE-MEDICAL, HEALTHCARE",14:59:05-14:59:34
14:59:34,14:59:45,"AD: KINGMAKERS IAS ACADEMY, COACHING INSTITUTE, COACHING SERVICES,Â EDUCATION",14:59:34-14:59:45
14:59:45,14:59:59,JINGLE: RADIO CITY,14:59:45-14:59:59
15:00:00,15:00:04,JINGLE: RADIO CITY,15:00:00-15:00:04
15:00:04,15:03:49,"SONG: NALLAI ALLAI, A.R. RAHMAN & SATHYA PRAKASH & CHINMAYI SRIPADA, KAATRU VELIYIDAI, SONY MUSIC, 2017, TAMIL",15:00:04-15:03:49
15:03:49,15:05:02,JINGLE: RADIO CITY,15:03:49-15:05:02
15:05:02,15:08:12,"SONG: MADUTHU, KAVYA AJIT, INDEPENDENT SINGLE, MM ORIGINALS , 2024, TAMIL",15:05:02-15:08:12
15:08:12,15:08:21,JINLGE: MAZHAI THULIGAL SONG INTRO,15:08:12-15:08:21
15:08:21,15:12:11,"SONG: MAZHAI THULIGAL, SRINISHA JAYASEELAN & ADITHYA RK, SERENDIPITY, KEYS & VERSES COLLECTIVE, 2024, TAMIL",15:08:21-15:12:11
15:12:11,15:12:16,JINGLE: VACHI SEIYAPORA SONG INTRO,15:12:11-15:12:16
15:12:16,15:16:00,"SONG: VACHI SEIYAPORA, MARTIN KARTENJER, INDEPENDENT SINGLE, VIBE_N STUDIOS, 2024, TAMIL",15:12:16-15:16:00
15:16:00,15:16:05,JINGLE: RADIO CITY,15:16:00-15:16:05
15:16:05,15:17:00,PROGRAM: RJ SHAKTI,15:16:05-15:17:00
15:17:00,15:17:08,"AD: CANARA BANK, BANKING SERVICES, BANKING & FINANCE, FINANCE",15:17:00-15:17:08
15:17:08,15:17:14,"AD: ASTRA HEARING CARE, HEARING DIAGNOSTICS, SERVICE-MEDICAL,Â HEALTHCARE",15:17:08-15:17:14
15:17:14,15:17:19,"AD: FRESHEY'S, IDLI AND DOSA BATTER, FOOD PRODUCTS,Â FMCG",15:17:14-15:17:19
15:17:19,15:17:25,"AD: KINGMAKERS IAS ACADEMY, COACHING INSTITUTE, COACHING SERVICES,Â EDUCATION",15:17:19-15:17:25
15:17:25,15:17:29,JINGLE: RADIO CITY,15:17:25-15:17:29
15:17:29,15:18:11,"AD: RADIO CITY, BUSINESS TITANS, RADIO, ENTERTAINMENT",15:17:29-15:18:11
15:18:11,15:18:21,"AD: KINGMAKERS IAS ACADEMY, COACHING INSTITUTE, COACHING SERVICES,Â EDUCATION",15:18:11-15:18:21
15:18:21,15:18:31,"AD: SA COLLEGE OF ARTS & SCIENCE, UG & PG COURSES, HIGHER EDUCATION,Â EDUCATION",15:18:21-15:18:31
15:18:31,15:18:42,"AD: JOYALUKKAS, GOLD & DIAMOND JEWELLERY, ACCESSORIES-JEWELLERY, ACCESSORIES",15:18:31-15:18:42
15:18:42,15:18:58,"AD: SNEHALAYA SILKS, SILKS & SAREES, CLOTHING, TEXTILESÂ &Â APPARELS",15:18:42-15:18:58
15:18:58,15:19:18,"AD: SRM GLOBAL, MULTISPECIALITY HOSPITAL, SERVICE-MEDICAL, HEALTHCARE",15:18:58-15:19:18
15:19:18,15:19:34,"AD: RADIO CITY, BUSINESS TITANS, RADIO, ENTERTAINMENT",15:19:18-15:19:34
15:19:34,15:20:27,JINGLE: RADIO CITY,15:19:34-15:20:27
15:20:27,15:24:10,"SONG: KANGAANI, ARIVU, INDEPENDENT SINGLE, THECASTLEHILL & ARIVU, 2023, TAMIL",15:20:27-15:24:10
15:24:10,15:24:13,JINGLE: RADIO CITY,15:24:10-15:24:13
15:24:13,15:25:34,PROGRAM: RJ SHAKTI,15:24:13-15:25:34
15:25:34,15:26:27,"AD: RC SWAPPR, PODCASTS & SHOWS APP, DIGITAL MEDIA, ENTERTAINMENT",15:25:34-15:26:27
15:26:27,15:26:44,JINGLE: RADIO CITY,15:26:27-15:26:44
15:26:44,15:27:15,"AD: RESERVE BANK OF INDIA (RBI), BANKING SERVICES, BANKING & FINANCE, FINANCE",15:26:44-15:27:15
15:27:15,15:27:24,"AD: JOYALUKKAS, GOLD & DIAMOND JEWELLERY, ACCESSORIES-JEWELLERY, ACCESSORIES",15:27:15-15:27:24
15:27:24,15:27:35,"AD: KINGMAKERS IAS ACADEMY, COACHING INSTITUTE, COACHING SERVICES,Â EDUCATION",15:27:24-15:27:35
15:27:35,15:28:09,JINGLE: RADIO CITY,15:27:35-15:28:09
15:28:09,15:30:28,"SONG: VENAM BABY, OFRO & ASAL KOLAAR & G.V. PRAKASH, INDEPENDENT SINGLE, OFRO MUSIC, 2022, TAMIL",15:28:09-15:30:28
15:30:28,15:31:04,JINGLE: RADIO CITY,15:30:28-15:31:04
15:31:04,15:34:30,"SONG: KUTTY PATTAS, SANTHOSH DHAYANIDHI & RAKSHITA SURESH, INDEPENDENT SINGLE, SAREGAMA SOUTH, 2021, TAMIL",15:31:04-15:34:30
15:34:30,15:34:34,JINGLE: RADIO CITY,15:34:30-15:34:34
15:34:34,15:35:47,PROGRAM: RJ SHAKTI,15:34:34-15:35:47
15:35:47,15:38:03,"PROGRAM: PART 2 PREMKUMAR, RJ PREMKUMAR",15:35:47-15:38:03
15:38:03,15:38:10,JINGLE: RADIO CITY,15:38:03-15:38:10
15:38:10,15:38:17,"AD: FRESHEY'S, CURD, FOOD PRODUCTS, FMCG",15:38:10-15:38:17
15:38:17,15:38:23,"AD: RR MOBILES, SMARTPHONE, CONSUMER DURABLES-SMARTPHONE, COSUMER DURABLES",15:38:17-15:38:23
15:38:23,15:38:28,JINGLE: RADIO CITY,15:38:23-15:38:28
15:38:28,15:38:38,"AD: SA COLLEGE OF ARTS & SCIENCE, UG & PG COURSES, HIGHER EDUCATION,Â EDUCATION",15:38:28-15:38:38
15:38:38,15:38:49,"AD: KINGMAKERS IAS ACADEMY, COACHING INSTITUTE, COACHING SERVICES,Â EDUCATION",15:38:38-15:38:49
15:38:49,15:39:37,"AD: RADIOCITY, REEL STAR, RADIO, ENTERTAINMENT",15:38:49-15:39:37
15:39:37,15:39:56,JINGLE: RADIO CITY,15:39:37-15:39:56
15:39:56,15:40:05,JINGLE: LOVENDRA CCASSANDRA SONG INTRO,15:39:56-15:40:05
15:40:05,15:43:22,"SONG: LOVENDRA CASSANDRA, MARSHALL ROBINSON & SATHYA PRAKASH & SHILVI SHARON, THINK INDIE, THINK MUSIC, 2023, TAMIL",15:40:05-15:43:22
15:43:22,15:43:24,JINGLE: RADIO CITY,15:43:22-15:43:24
15:43:24,15:45:57,PROGRAM: RJ SHAKTI,15:43:24-15:45:57
15:45:57,15:49:16,"SONG: PATTA KATHTHI KANNALA, SRIKANTH DEVA & KADHAL MATHI & SAM VISHAL & SRINISHA JAYASEELAN, INDEPENDENT SINGLE, SRIKANTH DEVA MUSICAL, 2024, TAMIL",15:45:57-15:49:16
15:49:16,15:49:25,"AD: DAVA INDIA, GENERIC MEDICINES, PHARMACEUTICALS, HEALTHCARE",15:49:16-15:49:25
15:49:25,15:49:31,"AD: THE EYE FOUNDATION, EYE CARE CLINIC, SERVICE-MEDICAL,Â HEALTHCARE",15:49:25-15:49:31
15:49:31,15:49:37,"AD: DR KAMATCHI HOSPTIAL, MULTISPECIALITY HOSPITAL, SERVICE-MEDICAL,Â HEALTHCARE",15:49:31-15:49:37
15:49:37,15:50:05,JINGLE: RADIO CITY,15:49:37-15:50:05
15:50:05,15:53:50,"SONG: ELAY MAKKA, GIRISHH G & ANDREA JEREMIAH & SATHYAPRAKASH & SANJAY SUBRAHMANYAN & NAVZ-47, COKE STUDIO TAMIL, COKE STUDIO, 2023, TAMIL",15:50:05-15:53:50
15:53:50,15:54:10,JINGLE: RADIO CITY,15:53:50-15:54:10
15:54:10,15:58:20,"SONG: HEY SIRI, KIRAN SURATH N & ADITHYA RK, THINK INDIE, THINK MUSIC, 2023, TAMIL",15:54:10-15:58:20
15:58:20,15:58:38,"AD: RADIO CITY, CITY BAZAR, RADIO, ENTERTAINMENT",15:58:20-15:58:38
15:58:38,15:58:50,"AD: KINGMAKERS IAS ACADEMY, COACHING INSTITUTE, COACHING SERVICES,Â EDUCATION",15:58:38-15:58:50
15:58:50,15:59:00,"AD: HOTEL VIRUDUNAGAR, HOTEL & ACCOMMODATION, HOSPITALITY & RESORT, TRAVELÂ &Â TOURISM",15:58:50-15:59:00
15:59:00,15:59:10,"AD: ANUJ TILES, CERAMIC TILES, BUILDING MATERIALS, CONSTRUCTIONS",15:59:00-15:59:10
15:59:10,15:59:19,JINGLE: RADIO CITY,15:59:10-15:59:19
15:59:19,15:59:24,"AD: VGN KENSINGTON TOWERS, REAL ESTATE PROJECTS, PROPERTY-HOUSING,Â PROPERTY",15:59:19-15:59:24
15:59:24,15:59:29,"AD: DAVA INDIA, GENERIC MEDICINES, PHARMACEUTICALS, HEALTHCARE",15:59:24-15:59:29
15:59:29,15:59:36,"AD: SAIBOL, SKIN OINTMENT, PHARMACEUTICALS, HEALTHCARE",15:59:29-15:59:36
15:59:36,15:59:42,"AD: THE EYE FOUNDATION, EYE CARE CLINIC, SERVICE-MEDICAL,Â HEALTHCARE",15:59:36-15:59:42
15:59:42,15:59:47,"AD: DR KAMATCHI HOSPTIAL, MULTISPECIALITY HOSPITAL, SERVICE-MEDICAL,Â HEALTHCARE",15:59:42-15:59:47
15:59:47,15:59:52,JINGLE: RADIO CITY,15:59:47-15:59:52
15:59:52,15:59:59,"AD: SA COLLEGE OF ARTS & SCIENCE, UG & PG COURSES, HIGHER EDUCATION,Â EDUCATION",15:59:52-15:59:59
16:00:00,16:00:02,"AD: SA COLLEGE OF ARTS & SCIENCE, UG & PG COURSES, HIGHER EDUCATION,Â EDUCATION",16:00:00-16:00:02
16:00:02,16:00:17,"AD: JOYALUKKAS, GOLD & DIAMOND JEWELLERY, ACCESSORIES-JEWELLERY, ACCESSORIES",16:00:02-16:00:17
16:00:17,16:00:33,"AD: SNEHALAYA SILKS, SILKS & SAREES, CLOTHING, TEXTILESÂ &Â APPARELS",16:00:17-16:00:33
16:00:33,16:00:44,"AD: KINGMAKERS IAS ACADEMY, COACHING INSTITUTE, COACHING SERVICES,Â EDUCATION",16:00:33-16:00:44
16:00:44,16:01:12,JINGLE: RADIO CITY,16:00:44-16:01:12
16:01:12,16:04:11,"SONG: KANNA PINNA, SAISHARAN, INDEPENDENT SINGLE, INDEPENDENT LABEL, 2023, TAMIL",16:01:12-16:04:11
16:04:11,16:05:11,JINGLE: RADIO CITY,16:04:11-16:05:11
16:05:11,16:08:58,"SONG: DHEEMA, ANIRUDH RAVICHANDER, LOVE INSURANCE KOMPANY, SRI VENKATESWARA CREATIONS, 2024, TAMIL",16:05:11-16:08:58
16:08:58,16:09:27,JINGLE: RADIO CITY,16:08:58-16:09:27
16:09:27,16:12:39,"SONG: PATHIKICHU, ANIRUDH RAVICHANDER & YOGISEKAR & AMOGH BALAJI, VIDAAMUYARCHI, LYCA PRODUCTIONS, 2024, TAMIL",16:09:27-16:12:39
16:12:39,16:12:45,JINGLE: RADIO CITY,16:12:39-16:12:45
16:12:45,16:13:52,"PROGRAM: CITY LIBRARY, RJ SHAKTI",16:12:45-16:13:52
16:13:52,16:16:06,"PROGRAM: RADIO CITY , RJ BARATH",16:13:52-16:16:06
16:16:06,16:16:11,JINGLE: RADIO CITY,16:16:06-16:16:11
16:16:11,16:16:20,"AD: FRESHEY'S, CURD, FOOD PRODUCTS, FMCG",16:16:11-16:16:20
16:16:20,16:16:26,"AD: RR MOBILES, SMARTPHONE, CONSUMER DURABLES-SMARTPHONE, COSUMER DURABLES",16:16:20-16:16:26
16:16:26,16:16:39,JINGLE: RADIO CITY,16:16:26-16:16:39
16:16:39,16:17:20,"AD: RADIO CITY, BUSINESS TITANS, RADIO, ENTERTAINMENT",16:16:39-16:17:20
16:17:20,16:17:44,"AD: SRM GLOBAL, MULTISPECIALITY HOSPITAL, SERVICE-MEDICAL, HEALTHCARE",16:17:20-16:17:44
16:17:44,16:18:05,"AD: ICAI CAMPUS, COACHING SERVICES, COACHING SERVICES,Â EDUCATION",16:17:44-16:18:05
16:18:05,16:18:53,"AD: RADIOCITY, REEL STAR, RADIO, ENTERTAINMENT",16:18:05-16:18:53
16:18:53,16:19:08,JINGLE: O MAARA SONG INTRO,16:18:53-16:19:08
16:19:08,16:21:49,"SONG: O MAARA, PAAL DABBA & A.R. RAHMAN, THUG LIFE, MADRAS TALKIES & RED GIANT MOVIES, 2024, TAMIL",16:19:08-16:21:49
16:21:49,16:22:06,JINGLE: RADIO CITY,16:21:49-16:22:06
16:22:06,16:25:56,"SONG: MALARE MOUNAMA, S.P. BALASUBRAHMANYAM & S. JANAKI, KARNA, SONY MUSIC ENTERTAINMENT, 1995, TAMIL",16:22:06-16:25:56
16:25:56,16:26:04,JINGLE: RADIO CITY,16:25:56-16:26:04
16:26:04,16:26:19,"AD: SNEHALAYA SILKS, SILKS & SAREES, CLOTHING, TEXTILESÂ &Â APPARELS",16:26:04-16:26:19
16:26:19,16:26:35,"AD: ANUJ TILES, CERAMIC TILES, BUILDING MATERIALS, CONSTRUCTIONS",16:26:19-16:26:35
16:26:35,16:27:05,"AD: RESERVE BANK OF INDIA (RBI), BANKING SERVICES, BANKING & FINANCE, FINANCE",16:26:35-16:27:05
16:27:05,16:27:25,"AD: ICAI CAMPUS, COACHING SERVICES, COACHING SERVICES,Â EDUCATION",16:27:05-16:27:25
16:27:25,16:27:39,JINGLE: RADIO CITY,16:27:25-16:27:39
16:27:39,16:30:55,"SONG: CHELLA KALLIYE, SAM C.S. & KAPIL KAPILAN, PARKING, THINK MUSIC, 2023, TAMIL",16:27:39-16:30:55
16:30:55,16:32:28,"PROGRAM: CITY LIBRARY, RJ SHAKTI",16:30:55-16:32:28
16:32:28,16:32:35,"AD: CANARA BANK, BANKING SERVICES, BANKING & FINANCE, FINANCE",16:32:28-16:32:35
16:32:35,16:32:40,"AD: ASTRA HEARING CARE, HEARING DIAGNOSTICS, SERVICE-MEDICAL,Â HEALTHCARE",16:32:35-16:32:40
16:32:40,16:32:46,"AD: FRESHEY'S, IDLI AND DOSA BATTER, FOOD PRODUCTS, FMCG",16:32:40-16:32:46
16:32:46,16:32:52,"AD: KINGMAKERS IAS ACADEMY, COACHING INSTITUTE, COACHING SERVICES,Â EDUCATION",16:32:46-16:32:52
16:32:52,16:32:56,JINGLE: RADIO CITY,16:32:52-16:32:56
16:32:56,16:33:57,"AD: RADIOCITY, PONMAALAI POZHUDHU, RADIO, ENTERTAINMENT",16:32:56-16:33:57
16:33:57,16:34:03,"AD: ASTRA HEARING CARE, HEARING DIAGNOSTICS, SERVICE-MEDICAL,Â HEALTHCARE",16:33:57-16:34:03
16:34:03,16:34:08,JINGLE: RADIO CITY,16:34:03-16:34:08
16:34:08,16:34:18,"AD: KINGMAKERS IAS ACADEMY, COACHING INSTITUTE, COACHING SERVICES,Â EDUCATION",16:34:08-16:34:18
16:34:18,16:34:33,"AD: SNEHALAYA SILKS, SILKS & SAREES, CLOTHING, TEXTILESÂ &Â APPARELS",16:34:18-16:34:33
16:34:33,16:34:49,"AD: ANUJ TILES, CERAMIC TILES, BUILDING MATERIALS, CONSTRUCTIONS",16:34:33-16:34:49
16:34:49,16:35:20,"AD: SRM GLOBAL, MULTISPECIALITY HOSPITAL, SERVICE-MEDICAL, HEALTHCARE",16:34:49-16:35:20
16:35:20,16:35:46,"AD: RADIO CITY, BUSINESS TITANS, RADIO, ENTERTAINMENT",16:35:20-16:35:46
16:35:46,16:36:12,JINGLE: RADIO CITY,16:35:46-16:36:12
16:36:12,16:40:29,"SONG: DILLUBARU AAJA, SILAMBARASAN TR & SHWETA MOHAN, DIESEL, SATHYA JYOTHI FILMS, 2024, TAMIL",16:36:12-16:40:29
16:40:29,16:40:53,JINGLE: RADIO CITY,16:40:29-16:40:53
16:40:53,16:44:31,"SONG: MENAMINIKI, THAMAN S & RIDHUN, NINAIVO ORU PARAVAI, THINK MUSIC, 2020, TAMIL",16:40:53-16:44:31
16:44:31,16:44:35,JINGLE: RADIO CITY,16:44:31-16:44:35
16:44:35,16:45:55,"PROGRAM: BUSINESS TITANS, RJ SHAKTI",16:44:35-16:45:55
16:45:55,16:48:35,"SONG: THEEKUCHI, SANTHOSH NARAYANAN & YUVAN SHANKAR RAJA & OFRO, JIGARTHANDA DOUBLE X, THINK MUSIC, 2023, TAMIL",16:45:55-16:48:35
16:48:35,16:49:03,JINGLE: RADIO CITY,16:48:35-16:49:03
16:49:03,16:52:45,"SONG: SAARATTU VANDIYILA, A.R. RAHMAN & A. R. RAIHANAH & TIPU & NIKHITA GANDHI, KAATRU VELIYIDAI, SONY MUSIC, 2017, TAMIL",16:49:03-16:52:45
16:52:45,16:52:50,"AD: VGN KENSINGTON TOWERS, REAL ESTATE PROJECTS, PROPERTY-HOUSING,Â PROPERTY",16:52:45-16:52:50
16:52:50,16:52:55,"AD: DAVA INDIA, GENERIC MEDICINES, PHARMACEUTICALS, HEALTHCARE",16:52:50-16:52:55
16:52:55,16:53:02,"AD: SAIBOL, SKIN OINTMENT, PHARMACEUTICALS, HEALTHCARE",16:52:55-16:53:02
16:53:02,16:53:08,"AD: THE EYE FOUNDATION, EYE CARE CLINIC, SERVICE-MEDICAL,Â HEALTHCARE",16:53:02-16:53:08
16:53:08,16:53:13,"AD: DR KAMATCHI HOSPTIAL, MULTISPECIALITY HOSPITAL, SERVICE-MEDICAL,Â HEALTHCARE",16:53:08-16:53:13
16:53:13,16:53:29,JINGLE: RADIO CITY,16:53:13-16:53:29
16:53:29,16:58:06,"SONG: RUM BUM BUM, YUVAN SHANKAR RAJA & ILAIYARAAJA & K.S. CHITHRA & S.P. BALASUBRAHMANYAM, COFFEE WITH KADHAL, U1 RECORDS, 2022, TAMIL",16:53:29-16:58:06
16:58:06,16:58:25,"AD: RADIO CITY, CITY BAZAR, RADIO, ENTERTAINMENT",16:58:06-16:58:25
16:58:25,16:58:36,"AD: KINGMAKERS IAS ACADEMY, COACHING INSTITUTE, COACHING SERVICES,Â EDUCATION",16:58:25-16:58:36
16:58:36,16:58:46,"AD: HOTEL VIRUDUNAGAR, HOTEL & ACCOMMODATION, HOSPITALITY & RESORT, TRAVELÂ &Â TOURISM",16:58:36-16:58:46
16:58:46,16:58:57,"AD: ANUJ TILES, CERAMIC TILES, BUILDING MATERIALS, CONSTRUCTIONS",16:58:46-16:58:57
16:58:57,16:59:06,JINGLE: RADIO CITY,16:58:57-16:59:06
16:59:06,16:59:16,"AD: KINGMAKERS IAS ACADEMY, COACHING INSTITUTE, COACHING SERVICES,Â EDUCATION",16:59:06-16:59:16
16:59:16,16:59:36,"AD: ICAI CAMPUS, COACHING SERVICES, COACHING SERVICES,Â EDUCATION",16:59:16-16:59:36
16:59:36,16:59:59,JINGLE: RADIO CITY,16:59:36-16:59:59
17:00:00,17:03:16,"SONG: TOUCHING TOUCHING, KARTHI & INDRAVATHI CHAUHAN & G.V. PRAKASH KUMAR & ARUNRAJA KAMARAJ, JAPAN, DREAM WARRIOR PICTURES, 2023, TAMIL",17:00:00-17:03:16
17:03:16,17:04:21,JINGLE: RADIO CITY,17:03:16-17:04:21
17:04:21,17:08:27,"SONG: HEY AIYASAMY, ILAIYARAAJA & S.P. BALASUBRAHMANYAM & K.S. CHITHRA, VARUSHAM PADHINAARU, LAKSHMI PRODUCTIONS, 1989, TAMIL",17:04:21-17:08:27
17:08:27,17:08:47,JINGLE: RADIO CITY,17:08:27-17:08:47
17:08:47,17:09:10,"AD: RADIOCITY, PONMAALAI POZHUDHU, RADIO, ENTERTAINMENT",17:08:47-17:09:10
17:09:10,17:09:21,JINGLE: HEY UNNAITHAANE SONG INTRO,17:09:10-17:09:21
17:09:21,17:14:57,"SONG: HEY UNNAITHAANE, ILAIYARAAJA & S.P. BALASUBRAHMANYAM & S. JANAKI, KAADHAL PARISU, SIVAJI PRODUCTIONS, 1987, TAMIL",17:09:21-17:14:57
17:14:57,17:15:05,"AD: FRESHEY'S, CURD, FOOD PRODUCTS, FMCG",17:14:57-17:15:05
17:15:05,17:15:11,"AD: RR MOBILES, SMARTPHONE, CONSUMER DURABLES-SMARTPHONE, COSUMER DURABLES",17:15:05-17:15:11
17:15:11,17:15:34,JINGLE: RADIO CITY,17:15:11-17:15:34
17:15:34,17:15:44,"AD: KINGMAKERS IAS ACADEMY, COACHING INSTITUTE, COACHING SERVICES,Â EDUCATION",17:15:34-17:15:44
17:15:44,17:16:14,"AD: RAINBOW CHILDREN'S HOSPITAL AND BIRTHRIGHT, HOSPITAL SERVICES, SERVICES-MEDICAL, HEALTHCARE",17:15:44-17:16:14
17:16:14,17:16:25,"AD: SA COLLEGE OF ARTS & SCIENCE, UG & PG COURSES, HIGHER EDUCATION,Â EDUCATION",17:16:14-17:16:25
17:16:25,17:16:50,"AD: SRM GLOBAL, MULTISPECIALITY HOSPITAL, SERVICE-MEDICAL, HEALTHCARE",17:16:25-17:16:50
17:16:50,17:17:22,"AD: SRM INSITUTE OF SCIENCE AND TECHNOLOGY, UG & PG COURSES, HIGHER EDUCATION, EDUCATION",17:16:50-17:17:22
17:17:22,17:17:53,"AD: IFFCO TOKIO, LIFE INSURANCE, FINANCE-INSURANCE, FINANCE",17:17:22-17:17:53
17:17:53,17:18:03,"AD: PRASHANTH HOSPITALS, HOSPITAL SERVICES, SERVICES-MEDICAL, HEALTHCARE",17:17:53-17:18:03
17:18:03,17:18:19,"AD: THE EYE FOUNDATION, EYE CARE CLINIC, SERVICE-MEDICAL,Â HEALTHCARE",17:18:03-17:18:19
17:18:19,17:18:29,"AD: GALAXY HEALTH INSURANCE, HEALTH- INSURANCE, FINANCE-INSURANCE, FINANCE",17:18:19-17:18:29
17:18:29,17:18:35,JINGLE: RADIO CITY,17:18:29-17:18:35
17:18:35,17:19:15,"AD: RADIO CITY, BUSINESS TITANS, RADIO, ENTERTAINMENT",17:18:35-17:19:15
17:19:15,17:19:48,"AD: RADIO CITY, TRAFFIC UPDATE, RADIO, ENTERTAINMENT",17:19:15-17:19:48
17:19:48,17:19:55,"AD: CANARA BANK, BANKING SERVICES, BANKING & FINANCE, FINANCE",17:19:48-17:19:55
17:19:55,17:20:00,"AD: ASTRA HEARING CARE, HEARING DIAGNOSTICS, SERVICE-MEDICAL,Â HEALTHCARE",17:19:55-17:20:00
17:20:00,17:20:08,"AD: FRESHEY'S, PANEER, FOOD PRODUCTS, FMCG",17:20:00-17:20:08
17:20:08,17:20:21,JINGLE: RADIO CITY,17:20:08-17:20:21
17:20:21,17:24:38,"SONG: SANGEETHA MEGAM, ILAIYARAAJA & S.P. BALASUBRAHMANYAM, UDHAYA GEETHAM, AVM PRODUCTIONS, 1985, TAMIL",17:20:21-17:24:38
17:24:38,17:26:15,PROGRAM: RJ MUNNAH,17:24:38-17:26:15
17:26:15,17:26:23,JINGLE: RADIO CITY,17:26:15-17:26:23
17:26:23,17:27:03,"AD: APOLLO HOSPITAL, MULTISPECIALITY HOSPITAL, SERVICE-MEDICAL, HEALTHCARE",17:26:23-17:27:03
17:27:03,17:27:14,"AD: GALAXY HEALTH INSURANCE, HEALTH- INSURANCE, FINANCE-INSURANCE, FINANCE",17:27:03-17:27:14
17:27:14,17:27:34,"AD: DR.MGR JANAKI COLLEGE OF ARTS AND SCIENCE, UG & PG COURSES, HIGHER EDUCATION, EDUCATION",17:27:14-17:27:34
17:27:34,17:28:00,"AD: DEEPAM, INCENSE STICKS, SPIRITUAL ESSENTIALS, HOME FURNISHING",17:27:34-17:28:00
17:28:00,17:28:30,"AD: RESERVE BANK OF INDIA (RBI), BANKING SERVICES, BANKING & FINANCE, FINANCE",17:28:00-17:28:30
17:28:30,17:28:46,"AD: THE EYE FOUNDATION, EYE CARE CLINIC, SERVICE-MEDICAL,Â HEALTHCARE",17:28:30-17:28:46
17:28:46,17:28:56,"AD: KINGMAKERS IAS ACADEMY, COACHING INSTITUTE, COACHING SERVICES,Â EDUCATION",17:28:46-17:28:56
17:28:56,17:29:22,"AD: RAINBOW CHILDREN'S HOSPITAL AND BIRTHRIGHT, HOSPITAL SERVICES, SERVICES-MEDICAL, HEALTHCARE",17:28:56-17:29:22
17:29:22,17:29:53,"AD: IFFCO TOKIO, LIFE INSURANCE, FINANCE-INSURANCE, FINANCE",17:29:22-17:29:53
17:29:53,17:30:15,"AD: LAKSHMI CERAMIC, CERAMIC TILES, BUILDING MATERIALS, CONSTRUCTIONS",17:29:53-17:30:15
17:30:15,17:30:25,"AD: PRASHANTH HOSPITALS, HOSPITAL SERVICES, SERVICES-MEDICAL, HEALTHCARE",17:30:15-17:30:25
17:30:25,17:30:41,"AD: ANUJ TILES, CERAMIC TILES, BUILDING MATERIALS, CONSTRUCTIONS",17:30:25-17:30:41
17:30:41,17:30:51,"AD: SA COLLEGE OF ARTS & SCIENCE, UG & PG COURSES, HIGHER EDUCATION,Â EDUCATION",17:30:41-17:30:51
17:30:51,17:31:36,"AD: CANARA BANK, BANKING SERVICES, BANKING & FINANCE, FINANCE",17:30:51-17:31:36
17:31:36,17:32:12,"AD: AVR SWARNA MAHAL, GOLD AND DIAMOND JEWELLERY, ACCESSORIES - JEWELLERY, ACCESSORIES",17:31:36-17:32:12
17:32:12,17:32:28,"AD: RADIO CITY, BUSINESS TITANS, RADIO, ENTERTAINMENT",17:32:12-17:32:28
17:32:28,17:32:46,JINGLE: RADIO CITY,17:32:28-17:32:46
17:32:46,17:34:44,"SONG: NENJUKKULE INNARENDRU, S.P. BALASUBRAHMANYAM & S. JANAKI, PONNUMANI, SUPER GOOD FILMS, 1993, TAMIL",17:32:46-17:34:44
17:34:44,17:37:17,AUDIO NOT CLEAR,17:34:44-17:37:17
17:37:17,17:42:01,"SONG: THANGA NILAVUKKUL, S.P. BALASUBRAHMANYAM & CHORUS & ILAIYARAAJA, RIKSH MAMA, EVEREST MOVIE INTERNATIONAL, 1992, TAMIL",17:37:17-17:42:01
17:42:01,17:44:07,PROGRAM: RJ MUNNAH,17:42:01-17:44:07
17:44:07,17:44:14,"AD: CANARA BANK, BANKING SERVICES, BANKING & FINANCE, FINANCE",17:44:07-17:44:14
17:44:14,17:44:19,"AD: ASTRA HEARING CARE, HEARING DIAGNOSTICS, SERVICE-MEDICAL,Â HEALTHCARE",17:44:14-17:44:19
17:44:19,17:44:25,"AD: FRESHEY'S, IDLI AND DOSA BATTER, FOOD PRODUCTS, FMCG",17:44:19-17:44:25
17:44:25,17:44:30,"AD: KINGMAKERS IAS ACADEMY, COACHING INSTITUTE, COACHING SERVICES,Â EDUCATION",17:44:25-17:44:30
17:44:30,17:44:52,JINGLE: RADIO CITY,17:44:30-17:44:52
17:44:52,17:45:53,"AD: RADIOCITY, PONMAALAI POZHUDHU, RADIO, ENTERTAINMENT",17:44:52-17:45:53
17:45:53,17:45:59,"AD: ASTRA HEARING CARE, HEARING DIAGNOSTICS, SERVICE-MEDICAL,Â HEALTHCARE",17:45:53-17:45:59
17:45:59,17:46:04,JINGLE: RADIO CITY,17:45:59-17:46:04
17:46:04,17:46:14,"AD: JOYALUKKAS, GOLD & DIAMOND JEWELLERY, ACCESSORIES-JEWELLERY, ACCESSORIES",17:46:04-17:46:14
17:46:14,17:46:25,"AD: KINGMAKERS IAS ACADEMY, COACHING INSTITUTE, COACHING SERVICES,Â EDUCATION",17:46:14-17:46:25
17:46:25,17:46:50,"AD: DEEPAM, INCENSE STICKS, SPIRITUAL ESSENTIALS, HOME FURNISHING",17:46:25-17:46:50
17:46:50,17:47:25,"AD: AVR SWARNA MAHAL, GOLD AND DIAMOND JEWELLERY, ACCESSORIES - JEWELLERY, ACCESSORIES",17:46:50-17:47:25
17:47:25,17:48:05,"AD: APOLLO HOSPITAL, MULTISPECIALITY HOSPITAL, SERVICE-MEDICAL, HEALTHCARE",17:47:25-17:48:05
17:48:05,17:48:16,"AD: SA COLLEGE OF ARTS & SCIENCE, UG & PG COURSES, HIGHER EDUCATION,Â EDUCATION",17:48:05-17:48:16
17:48:16,17:49:04,"AD: RADIOCITY, REEL STAR, RADIO, ENTERTAINMENT",17:48:16-17:49:04
17:49:04,17:49:12,JINGLE: ENNAI THOTTU SONG INTRO,17:49:04-17:49:12
17:49:12,17:53:04,"SONG: ENNAI THOTTU, ILAIYARAAJA, S.P. BALASUBRAHMANYAM & SWARNALATHA, UNNA NENACHEN PAATU PADICHEN, EVEREST MOVIE INTERNATIONAL, 1992, TAMIL",17:49:12-17:53:04
17:53:04,17:53:18,JINGLE: RADIO CITY,17:53:04-17:53:18
17:53:18,17:56:24,"SONG: MARANA MASS, ANIRUDH RAVICHANDER & S.P. BALASUBRAHMANYAM, PETTA, SUN PICTURES, 2019, TAMIL",17:53:18-17:56:24
17:56:24,17:58:35,PROGRAM: TECH TALK,17:56:24-17:58:35
17:58:35,17:58:43,"AD: CANARA BANK, BANKING SERVICES, BANKING & FINANCE, FINANCE",17:58:35-17:58:43
17:58:43,17:58:49,"AD: THE EYE FOUNDATION, EYE CARE CLINIC, SERVICE-MEDICAL,Â HEALTHCARE",17:58:43-17:58:49
17:58:49,17:58:54,JINGLE: RADIO CITY,17:58:49-17:58:54
17:58:54,17:59:13,"AD: RADIO CITY, CITY BAZAR, RADIO, ENTERTAINMENT",17:58:54-17:59:13
17:59:13,17:59:23,"AD: KINGMAKERS IAS ACADEMY, COACHING INSTITUTE, COACHING SERVICES,Â EDUCATION",17:59:13-17:59:23
17:59:23,17:59:34,"AD: HOTEL VIRUDUNAGAR, HOTEL & ACCOMMODATION, HOSPITALITY & RESORT, TRAVELÂ &Â TOURISM",17:59:23-17:59:34
17:59:34,17:59:44,"AD: ANUJ TILES, CERAMIC TILES, BUILDING MATERIALS, CONSTRUCTIONS",17:59:34-17:59:44
17:59:44,17:59:53,JINGLE: RADIO CITY,17:59:44-17:59:53
17:59:53,17:59:59,"AD: PRASHANTH HOSPITALS, HOSPITAL SERVICES, SERVICES-MEDICAL, HEALTHCARE",17:59:53-17:59:59
18:00:00,18:00:03,"AD: PRASHANTH HOSPITALS, HOSPITAL SERVICES, SERVICES-MEDICAL, HEALTHCARE",18:00:00-18:00:03
18:00:03,18:00:19,"AD: THE EYE FOUNDATION, EYE CARE HOSPITAL, SERVICES - MEDICAL, HEALTHCARE",18:00:03-18:00:19
18:00:19,18:00:45,"AD: DEEPAM, INCENSE STICKS, SPIRITUAL ESSENTIALS, HOME FURNISHING",18:00:19-18:00:45
18:00:45,18:00:55,"AD: KINGMAKERS IAS ACADEMY, COACHING INSTITUTE, COACHING SERVICES, EDUCATION",18:00:45-18:00:55
18:00:55,18:01:36,"AD: LIC AGENT JOB, JOB OPPORTUNITY - INSURANCE AGENT, PUBLIC SERVICES AD, PUBLIC INTEREST",18:00:55-18:01:36
18:01:36,18:02:07,"AD: RAINBOW CHILDREN'S HOSPITAL AND BIRTHRIGHT, HOSPITAL SERVICES, SERVICES-MEDICAL, HEALTHCARE",18:01:36-18:02:07
18:02:07,18:02:52,"AD: CANARA BANK, BANKING SERVICES, BANKING & FINANCE, FINANCE",18:02:07-18:02:52
18:02:51,18:03:57,JINGLE: RADIO CITY,18:02:51-18:03:57
18:03:57,18:07:38,"SONG: ENNA SATHTHAM INDHA NERAM, SP BALASUBRAHMANYAM, PUNNAGAI MANNAN, IMM, 1986, TAMIL",18:03:57-18:07:38
18:07:38,18:08:30,PROGRAM: RJ MUNNAH,18:07:38-18:08:30
18:08:30,18:12:19,"SONG: AZHAKOORIL, SP BALASUBRAHMANYAM & SUJATHA, THIRUMALAI, NEW MUSIC, 1998, TAMIL",18:08:30-18:12:19
18:12:19,18:12:27,"AD: FRESHEY'S, CURD, FOOD PRODUCTS, FMCG",18:12:19-18:12:27
18:12:27,18:12:34,"AD: RR MOBILES, SMARTPHONE, CONSUMER DURABLES-SMARTPHONE, COSUMER DURABLES",18:12:27-18:12:34
18:12:34,18:12:38,JINGLE: RADIO CITY,18:12:34-18:12:38
18:12:38,18:13:19,"AD: RADIO CITY, BUSINESS TITANS, RADIO, ENTERTAINMENT",18:12:38-18:13:19
18:13:19,18:13:49,"AD: RESERVE BANK OF INDIA (RBI), BANKING SERVICES, BANKING & FINANCE, FINANCE",18:13:19-18:13:49
18:13:49,18:14:09,"AD: MALABAR GOLD AND DIAMONDS, GOLD & DIAMOND JEWELLERY, ACCESSORIES-JEWELLERY, ACCESSORIES",18:13:49-18:14:09
18:14:09,18:14:19,"AD: GALAXY HEALTH INSURANCE, HEALTH- INSURANCE, FINANCE-INSURANCE, FINANCE",18:14:09-18:14:19
18:14:19,18:14:45,"AD: DEEPAM, INCENSE STICKS, SPIRITUAL ESSENTIALS, HOME FURNISHING",18:14:19-18:14:45
18:14:45,18:15:06,"AD: LAKSHMI CERAMIC, CERAMIC TILES, BUILDING MATERIALS, CONSTRUCTIONS",18:14:45-18:15:06
18:15:06,18:15:17,"AD: PRASHANTH HOSPITALS, HOSPITAL SERVICES, SERVICES-MEDICAL, HEALTHCARE",18:15:06-18:15:17
18:15:17,18:15:33,"AD: THE EYE FOUNDATION, EYE CARE HOSPITAL, SERVICES - MEDICAL, HEALTHCARE",18:15:17-18:15:33
18:15:33,18:15:44,"AD: JOYALUKKAS, GOLD & DIAMOND JEWELLERY, ACCESSORIES-JEWELLERY, ACCESSORIES",18:15:33-18:15:44
18:15:44,18:15:55,"AD: KINGMAKERS IAS ACADEMY, COACHING INSTITUTE, COACHING SERVICES, EDUCATION",18:15:44-18:15:55
18:15:55,18:16:10,"AD: HOTEL VIRUDUNAGAR, HOTEL & ACCOMMODATION, HOSPITALITY & RESORT, TRAVEL & TOURISM",18:15:55-18:16:10
18:16:10,18:16:41,"AD: SRM INSITUTE OF SCIENCE AND TECHNOLOGY, UG & PG COURSES, HIGHER EDUCATION, EDUCATION",18:16:10-18:16:41
18:16:41,18:16:56,"AD: SNEHALAYA SILKS, SILKS & SAREES, CLOTHING, TEXTILES & APPARELS",18:16:41-18:16:56
18:16:56,18:17:18,"AD: DR.MGR JANAKI COLLEGE OF ARTS AND SCIENCE, UG & PG COURSES, HIGHER EDUCATION, EDUCATION",18:16:56-18:17:18
18:17:18,18:18:04,"AD: CANARA BANK, BANKING SERVICES, BANKING & FINANCE, FINANCE",18:17:18-18:18:04
18:18:04,18:18:49,"AD: RADIOCITY, REEL STAR, RADIO, ENTERTAINMENT",18:18:04-18:18:49
18:18:49,18:19:08,"PROGRAM: TRAFFIC UPDATE, RJ MUNNAH",18:18:49-18:19:08
18:19:08,18:19:13,"AD: RADIO CITY, TRAFFIC UPDATE, RADIO, ENTERTAINMENT",18:19:08-18:19:13
18:19:13,18:19:21,"AD: CANARA BANK, BANKING SERVICES, BANKING & FINANCE, FINANCE",18:19:13-18:19:21
18:19:21,18:19:27,"AD: ASTRA HEARING CARE, HEARING DIAGNOSTICS, SERVICE-MEDICAL, HEALTHCARE",18:19:21-18:19:27
18:19:27,18:19:34,"AD: FRESHEY'S, PANEER, FOOD PRODUCTS, FMCG",18:19:27-18:19:34
18:19:34,18:19:39,JINGLE: RADIO CITY,18:19:34-18:19:39
18:19:39,18:20:05,JINGLE: RADIO CITY,18:19:39-18:20:05
18:20:05,18:23:59,"SONG: YENNA AZHAGO, SP BALASUBRAHMANYAM, LOVE TODAY, STAR MUSIC, 1997, TAMIL",18:20:05-18:23:59
18:23:59,18:24:23,JINGLE: RADIO CITY,18:23:59-18:24:23
18:24:23,18:29:16,"SONG: KADHAL KAVITHAIGAL, ILAIYARAAJA & SP BALASUBRAHMANYAM & KS CHITHRA, GOPURA VAASALILE, ECHO RECORDING CO. PVT LTD, 1991, TAMIL",18:24:23-18:29:16
18:29:16,18:31:14,PROGRAM: RJ MUNNAH,18:29:16-18:31:14
18:31:14,18:31:31,JINGLE: RADIO CITY,18:31:14-18:31:31
18:31:31,18:31:42,"AD: KINGMAKERS IAS ACADEMY, COACHING INSTITUTE, COACHING SERVICES, EDUCATION",18:31:31-18:31:42
18:31:42,18:32:07,"AD: RAINBOW CHILDREN'S HOSPITAL AND BIRTHRIGHT, HOSPITAL SERVICES, SERVICES-MEDICAL, HEALTHCARE",18:31:42-18:32:07
18:32:07,18:32:42,"AD: AVR SWARNA MAHAL, GOLD AND DIAMOND JEWELLERY, ACCESSORIES - JEWELLERY, ACCESSORIES",18:32:07-18:32:42
18:32:42,18:32:53,"AD: SA COLLEGE OF ARTS & SCIENCE, UG & PG COURSES, HIGHER EDUCATION, EDUCATION",18:32:42-18:32:53
18:32:53,18:33:18,"AD: DEEPAM, INCENSE STICKS, SPIRITUAL ESSENTIALS, HOME FURNISHING",18:32:53-18:33:18
18:33:18,18:33:53,"AD: LIC, LIC POLICY, FINANCE-INSURANCE, FINANCE",18:33:18-18:33:53
18:33:53,18:34:55,"AD: RADIO CITY, PON MAALAI POZHUDHU, RADIO, ENTERTAINMENT",18:33:53-18:34:55
18:34:55,18:35:00,"AD: ASTRA HEARING CARE, HEARING DIAGNOSTICS, SERVICE-MEDICAL, HEALTHCARE",18:34:55-18:35:00
18:35:00,18:35:04,JINGLE: RADIO CITY,18:35:00-18:35:04
18:35:04,18:35:21,JINGLE: RADIO CITY,18:35:04-18:35:21
18:35:21,18:40:24,"SONG: KATTU KUYILU, SP BALASUBRAHMANYAM & KJ YESUDAS, THALAPTHI, T-SERIES, 1991, TAMIL",18:35:21-18:40:24
18:40:24,18:40:47,JINGLE: RADIO CITY,18:40:24-18:40:47
18:40:47,18:44:26,"SONG: PAATTU ONNU, SP BALASUBRAHMANYAM & SHANKAR MAHADEVAN, JILLA, STAR MUSIC, 2014, TAMIL",18:40:47-18:44:26
18:44:26,18:46:52,PROGRAM: RJ MUNNAH,18:44:26-18:46:52
18:46:52,18:47:00,"AD: CANARA BANK, BANKING SERVICES, BANKING & FINANCE, FINANCE",18:46:52-18:47:00
18:47:00,18:47:05,"AD: ASTRA HEARING CARE, HEARING DIAGNOSTICS, SERVICE-MEDICAL, HEALTHCARE",18:47:00-18:47:05
18:47:05,18:47:10,"AD: FRESHEY'S, IDLI AND DOSA BATTER, FOOD PRODUCTS, FMCG",18:47:05-18:47:10
18:47:10,18:47:16,"AD: KINGMAKERS IAS ACADEMY, COACHING INSTITUTE, COACHING SERVICES, EDUCATION",18:47:10-18:47:16
18:47:16,18:47:20,JINGLE: RADIO CITY,18:47:16-18:47:20
18:47:20,18:47:29,JINGLE: RADIO CITY,18:47:20-18:47:29
18:47:29,18:48:08,"AD: APOLLO HOSPITAL, MULTISPECIALITY HOSPITAL, SERVICE-MEDICAL, HEALTHCARE",18:47:29-18:48:08
18:48:08,18:48:19,"AD: SA COLLEGE OF ARTS & SCIENCE, UG & PG COURSES, HIGHER EDUCATION, EDUCATION",18:48:08-18:48:19
18:48:19,18:48:35,"AD: THE EYE FOUNDATION, EYE CARE HOSPITAL, SERVICES - MEDICAL, HEALTHCARE",18:48:19-18:48:35
18:48:35,18:49:10,"AD: AVR SWARNA MAHAL, GOLD AND DIAMOND JEWELLERY, ACCESSORIES - JEWELLERY, ACCESSORIES",18:48:35-18:49:10
18:49:10,18:49:20,"AD: PRASHANTH HOSPITALS, HOSPITAL SERVICES, SERVICES-MEDICAL, HEALTHCARE",18:49:10-18:49:20
18:49:20,18:49:46,"AD: DEEPAM, INCENSE STICKS, SPIRITUAL ESSENTIALS, HOME FURNISHING",18:49:20-18:49:46
18:49:46,18:49:56,"AD: KINGMAKERS IAS ACADEMY, COACHING INSTITUTE, COACHING SERVICES, EDUCATION",18:49:46-18:49:56
18:49:56,18:50:24,JINGLE: RADIO CITY,18:49:56-18:50:24
18:50:24,18:54:16,"SONG: ERRANI KURRATHANNI, SP BALASUBRAHMANYAM & S JANAKI, KAADHALAN, T-SERIES, 1994, TAMIL",18:50:24-18:54:16
18:54:16,18:56:44,PROGRAM: RJ MUNNAH,18:54:16-18:56:44
18:56:44,18:56:52,"AD: CANARA BANK, BANKING SERVICES, BANKING & FINANCE, FINANCE",18:56:44-18:56:52
18:56:52,18:56:58,"AD: THE EYE FOUNDATION, EYE CARE HOSPITAL, SERVICES - MEDICAL, HEALTHCARE",18:56:52-18:56:58
18:56:58,18:57:03,JINGLE: RADIO CITY,18:56:58-18:57:03
18:57:03,18:57:20,JINGLE: RADIO CITY,18:57:03-18:57:20
18:57:20,18:57:39,"AD: RADIO CITY, CITY BAZAR, RADIO, ENTERTAINMENT",18:57:20-18:57:39
18:57:39,18:57:50,"AD: KINGMAKERS IAS ACADEMY, COACHING INSTITUTE, COACHING SERVICES, EDUCATION",18:57:39-18:57:50
18:57:50,18:58:01,"AD: HOTEL VIRUDUNAGAR, HOTEL & ACCOMMODATION, HOSPITALITY & RESORT, TRAVEL & TOURISM",18:57:50-18:58:01
18:58:01,18:58:11,"AD: ANUJ TILES, CERAMIC TILES, BUILDING MATERIALS, CONSTRUCTIONS",18:58:01-18:58:11
18:58:11,18:58:15,JINGLE: RADIO CITY,18:58:11-18:58:15
18:58:15,18:58:26,"AD: KINGMAKERS IAS ACADEMY, COACHING INSTITUTE, COACHING SERVICES, EDUCATION",18:58:15-18:58:26
18:58:26,18:58:51,"AD: DEEPAM, INCENSE STICKS, SPIRITUAL ESSENTIALS, HOME FURNISHING",18:58:26-18:58:51
18:58:51,18:59:01,"AD: PRASHANTH HOSPITALS, HOSPITAL SERVICES, SERVICES-MEDICAL, HEALTHCARE",18:58:51-18:59:01
18:59:01,18:59:36,"AD: LIC, LIC LIFE INSURANCE, FINANCE-INSURANCE, FINANCE",18:59:01-18:59:36
18:59:36,18:59:57,"AD: DR.MGR JANAKI COLLEGE OF ARTS AND SCIENCE, UG & PG COURSES, HIGHER EDUCATION, EDUCATION",18:59:36-18:59:57
18:59:57,18:59:59,"AD: THE EYE FOUNDATION, EYE CARE HOSPITAL, SERVICES - MEDICAL, HEALTHCARE",18:59:57-18:59:59
19:00:00,19:00:14,"AD: THE EYE FOUNDATION, EYE CARE HOSPITAL, SERVICES - MEDICAL, HEALTHCARE",19:00:00-19:00:14
19:00:14,19:00:54,"AD: APOLLO HOSPITAL, MULTISPECIALITY HOSPITAL, SERVICE-MEDICAL, HEALTHCARE",19:00:14-19:00:54
19:00:54,19:01:47,JINGLE: RADIO CITY,19:00:54-19:01:47
19:01:47,19:01:59,JINGLE: RADIO CITY,19:01:47-19:01:59
19:01:59,19:02:18,JINGLE: DHIL DHIL DHIL MANADHIL DHAL DHAL SONG INTRO,19:01:59-19:02:18
19:02:18,19:06:09,"SONG: DHIL DHIL DHIL MANADHIL DHAL DHAL, SP BALASUBRAHMANYAM & P SUSHEELA, MELLA THIRANDHADHU KADHAVU, DIVO TV PVT LTD, 1986, TAMIL",19:02:18-19:06:09
19:06:09,19:06:38,"PROGRAM: PON MAALAI POZHUDHU, RJ MUNNAH",19:06:09-19:06:38
19:06:38,19:10:27,"SONG: THAPPE ILLE, SP BALASUBRAHMANYAM & HARINI, MAZHAI, THINK TAPES, 2005, TAMIL",19:06:38-19:10:27
19:10:27,19:10:35,"AD: FRESHEY'S, CURD, FOOD PRODUCTS, FMCG",19:10:27-19:10:35
19:10:35,19:10:41,"AD: RR MOBILES, SMARTPHONE, CONSUMER DURABLES-SMARTPHONE, COSUMER DURABLES",19:10:35-19:10:41
19:10:41,19:10:46,JINGLE: RADIO CITY,19:10:41-19:10:46
19:10:46,19:11:03,JINGLE: RADIO CITY,19:10:46-19:11:03
19:11:03,19:11:44,"AD: RADIO CITY, BUSINESS TITANS, RADIO, ENTERTAINMENT",19:11:03-19:11:44
19:11:44,19:12:10,"AD: RAINBOW CHILDREN'S HOSPITAL AND BIRTHRIGHT, HOSPITAL SERVICES, SERVICES-MEDICAL, HEALTHCARE",19:11:44-19:12:10
19:12:10,19:12:30,"AD: LAKSHMI CERAMIC, CERAMIC TILES, BUILDING MATERIALS, CONSTRUCTIONS",19:12:10-19:12:30
19:12:30,19:12:40,"AD: PRASHANTH HOSPITALS, HOSPITAL SERVICES, SERVICES-MEDICAL, HEALTHCARE",19:12:30-19:12:40
19:12:40,19:13:06,"AD: DEEPAM, INCENSE STICKS, SPIRITUAL ESSENTIALS, HOME FURNISHING",19:12:40-19:13:06
19:13:06,19:13:38,"AD: SRM INSITUTE OF SCIENCE AND TECHNOLOGY, UG & PG COURSES, HIGHER EDUCATION, EDUCATION",19:13:06-19:13:38
19:13:38,19:14:23,"AD: CANARA BANK, BANKING SERVICES, BANKING & FINANCE, FINANCE",19:13:38-19:14:23
19:14:23,19:15:09,"AD: DR KAMATCHI HOSPITAL, MULTISPECIALITY HOSPITAL, SERVICE-MEDICAL, HEALTHCARE",19:14:23-19:15:09
19:15:09,19:15:19,"AD: KINGMAKERS IAS ACADEMY, COACHING INSTITUTE, COACHING SERVICES, EDUCATION",19:15:09-19:15:19
19:15:19,19:15:25,JINGLE: TRAFFIC UPDATE,19:15:19-19:15:25
19:15:25,19:15:38,"PROGRAM: TRAFFIC UPDATE, RJ MUNNAH",19:15:25-19:15:38
19:15:38,19:15:44,"AD: RADIO CITY, TRAFFIC UPDATE, RADIO, ENTERTAINMENT",19:15:38-19:15:44
19:15:44,19:15:52,"AD: CANARA BANK, BANKING SERVICES, BANKING & FINANCE, FINANCE",19:15:44-19:15:52
19:15:52,19:15:58,"AD: ASTRA HEARING CARE, HEARING DIAGNOSTICS, SERVICE-MEDICAL, HEALTHCARE",19:15:52-19:15:58
19:15:58,19:16:05,"AD: FRESHEY'S, PANEER, FOOD PRODUCTS, FMCG",19:15:58-19:16:05
19:16:05,19:16:10,JINGLE: RADIO CITY,19:16:05-19:16:10
19:16:10,19:16:18,JINGLE: KAPPALERI POYAACHU SONG INTRO,19:16:10-19:16:18
19:16:18,19:20:30,"SONG: KAPPALERI POYAACHU, AR RAHMAN & SP BALASUBRAHMANYAM & P SUSHEELA, INDIAN, MUSIC MASTER, 1993, TAMIL",19:16:18-19:20:30
19:20:30,19:20:43,JINGLE: RADIO CITY,19:20:30-19:20:43
19:20:43,19:21:00,JINGLE: THILOTHTHAMA SONG INTRO,19:20:43-19:21:00
19:21:00,19:24:59,"SONG: THILOTHTHAMA, SP BALASUBRAHMANYAM & SWARNALATHA, AASAI, MUSIC MASTER, 1995, TAMIL",19:21:00-19:24:59
19:24:59,19:25:02,JINGLE: RADIO CITY,19:24:59-19:25:02
19:25:02,19:26:56,"PROGRAM: PON MAALAI POZHUDHU, RJ MUNNAH",19:25:02-19:26:56
19:26:56,19:27:04,JINGLE: RADIO CITY,19:26:56-19:27:04
19:27:04,19:27:50,"AD: DR KAMATCHI HOSPITAL, MULTISPECIALITY HOSPITAL, SERVICE-MEDICAL, HEALTHCARE",19:27:04-19:27:50
19:27:50,19:28:35,"AD: FSSAI, EAT RIGHT INDIA, PUBLIC SERVICE ADS, PUBLIC INTEREST",19:27:50-19:28:35
19:28:35,19:28:50,"AD: JOYALUKKAS, GOLD & DIAMOND JEWELLERY, ACCESSORIES-JEWELLERY, ACCESSORIES",19:28:35-19:28:50
19:28:50,19:29:01,"AD: PRASHANTH HOSPITALS, HOSPITAL SERVICES, SERVICES-MEDICAL, HEALTHCARE",19:28:50-19:29:01
19:29:01,19:29:17,"AD: THE EYE FOUNDATION, EYE CARE HOSPITAL, SERVICES - MEDICAL, HEALTHCARE",19:29:01-19:29:17
19:29:17,19:29:28,"AD: KINGMAKERS IAS ACADEMY, COACHING INSTITUTE, COACHING SERVICES, EDUCATION",19:29:17-19:29:28
19:29:28,19:29:53,"AD: DEEPAM, INCENSE STICKS, SPIRITUAL ESSENTIALS, HOME FURNISHING",19:29:28-19:29:53
19:29:53,19:30:08,"AD: HOTEL VIRUDUNAGAR, HOTEL & ACCOMMODATION, HOSPITALITY & RESORT, TRAVEL & TOURISM",19:29:53-19:30:08
19:30:08,19:30:38,"AD: IFFCO TOKIO, LIFE INSURANCE, FINANCE-INSURANCE, FINANCE",19:30:08-19:30:38
19:30:38,19:30:59,"AD: MALABAR GOLD AND DIAMONDS, GOLD & DIAMOND JEWELLERY, ACCESSORIES-JEWELLERY, ACCESSORIES",19:30:38-19:30:59
19:30:59,19:31:09,"AD: GALAXY HEALTH INSURANCE, HEALTH- INSURANCE, FINANCE-INSURANCE, FINANCE",19:30:59-19:31:09
19:31:09,19:31:40,"AD: SRM GLOBAL, MULTISPECIALITY HOSPITAL, SERVICE-MEDICAL, HEALTHCARE",19:31:09-19:31:40
19:31:40,19:32:05,"AD: RAINBOW CHILDREN'S HOSPITAL AND BIRTHRIGHT, HOSPITAL SERVICES, SERVICES-MEDICAL, HEALTHCARE",19:31:40-19:32:05
19:32:05,19:32:16,"AD: SA COLLEGE OF ARTS & SCIENCE, UG & PG COURSES, HIGHER EDUCATION, EDUCATION",19:32:05-19:32:16
19:32:16,19:32:31,"AD: ANUJ TILES, CERAMIC TILES, BUILDING MATERIALS, CONSTRUCTIONS",19:32:16-19:32:31
19:32:31,19:33:17,"AD: DR KAMATCHI HOSPITAL, MULTISPECIALITY HOSPITAL, SERVICE-MEDICAL, HEALTHCARE",19:32:31-19:33:17
19:33:17,19:33:39,"AD: LAKSHMI CERAMIC, CERAMIC TILES, BUILDING MATERIALS, CONSTRUCTIONS",19:33:17-19:33:39
19:33:39,19:33:57,JINGLE: RADIO CITY 91.9 FM SONG,19:33:39-19:33:57
19:33:57,19:34:06,JINGLE: KATHALIKKUM PENIN KAIKAL SONG INTRO,19:33:57-19:34:06
19:34:06,19:37:55,"SONG: KATHALIKKUM PENIN KAIKAL, SP BALASUBRAHMANYAM & UDIT NARAYAN & B PALLAVI, KAADHALAN, T-SERIES, 1994, TAMIL",19:34:06-19:37:55
19:37:55,19:38:06,JINGLE: RADIO CITY,19:37:55-19:38:06
19:38:06,19:38:14,JINGLE: SANDHANA KAATRE SONG INTRO,19:38:06-19:38:14
19:38:14,19:42:47,"SONG: SANDHANA KAATRE, ILAIYARAAJA & SP BALASUBRAHMANYAM & S JANAKI, THANIKKATTU RAJA, SONY MUSIC ENTERTAINMENT INDIA PVT LTD, 1982, TAMIL",19:38:14-19:42:47
19:42:47,19:45:02,"PROGRAM: PON MAALAI POZHUDHU, RJ MUNNAH",19:42:47-19:45:02
19:45:02,19:45:05,JINGLE: TIME CHECK,19:45:02-19:45:05
19:45:05,19:45:12,"AD: CANARA BANK, BANKING SERVICES, BANKING & FINANCE, FINANCE",19:45:05-19:45:12
19:45:12,19:45:17,"AD: ASTRA HEARING CARE, HEARING DIAGNOSTICS, SERVICE-MEDICAL, HEALTHCARE",19:45:12-19:45:17
19:45:17,19:45:23,"AD: FRESHEY'S, IDLI AND DOSA BATTER, FOOD PRODUCTS, FMCG",19:45:17-19:45:23
19:45:23,19:45:28,"AD: KINGMAKERS IAS ACADEMY, COACHING INSTITUTE, COACHING SERVICES, EDUCATION",19:45:23-19:45:28
19:45:28,19:45:32,JINGLE: RADIO CITY,19:45:28-19:45:32
19:45:32,19:45:41,JINGLE: RADIO CITY,19:45:32-19:45:41
19:45:41,19:46:02,"AD: DR.MGR JANAKI COLLEGE OF ARTS AND SCIENCE, UG & PG COURSES, HIGHER EDUCATION, EDUCATION",19:45:41-19:46:02
19:46:02,19:46:42,"AD: APOLLO HOSPITAL, MULTISPECIALITY HOSPITAL, SERVICE-MEDICAL, HEALTHCARE",19:46:02-19:46:42
19:46:42,19:46:58,"AD: THE EYE FOUNDATION, EYE CARE HOSPITAL, SERVICES - MEDICAL, HEALTHCARE",19:46:42-19:46:58
19:46:58,19:47:09,"AD: JOYALUKKAS, GOLD & DIAMOND JEWELLERY, ACCESSORIES-JEWELLERY, ACCESSORIES",19:46:58-19:47:09
19:47:09,19:47:53,"AD: DR KAMATCHI HOSPITAL, MULTISPECIALITY HOSPITAL, SERVICE-MEDICAL, HEALTHCARE",19:47:09-19:47:53
19:47:53,19:48:04,"AD: KINGMAKERS IAS ACADEMY, COACHING INSTITUTE, COACHING SERVICES, EDUCATION",19:47:53-19:48:04
19:48:04,19:48:08,JINGLE: RADIO CITY,19:48:04-19:48:08
19:48:08,19:48:35,JINGLE: MADAI THIRANTHU SONG INTRO,19:48:08-19:48:35
19:48:35,19:52:04,"SONG: MADAI THIRANTHU, SP BALASUBRAHMANYAM, NIZHALGAL, SAREGAMA, 1980, TAMIL",19:48:35-19:52:04
19:52:04,19:53:45,"PROGRAM: PON MAALAI POZHUDHU, RJ MUNNAH",19:52:04-19:53:45
19:53:45,19:53:50,JINGLE: SPONSOR JINGLE,19:53:45-19:53:50
19:53:50,19:53:57,"AD: CANARA BANK, BANKING SERVICES, BANKING & FINANCE, FINANCE",19:53:50-19:53:57
19:53:57,19:54:03,"AD: THE EYE FOUNDATION, EYE CARE HOSPITAL, SERVICES - MEDICAL, HEALTHCARE",19:53:57-19:54:03
19:54:03,19:54:08,JINGLE: RADIO CITY,19:54:03-19:54:08
19:54:08,19:54:26,JINGLE: RADIO CITY 91.9 FM SONG,19:54:08-19:54:26
19:54:26,19:54:45,"AD: RADIO CITY, CITY BAZAR, RADIO, ENTERTAINMENT",19:54:26-19:54:45
19:54:45,19:54:55,"AD: KINGMAKERS IAS ACADEMY, COACHING INSTITUTE, COACHING SERVICES, EDUCATION",19:54:45-19:54:55
19:54:55,19:55:06,"AD: HOTEL VIRUDUNAGAR, HOTEL & ACCOMMODATION, HOSPITALITY & RESORT, TRAVEL & TOURISM",19:54:55-19:55:06
19:55:06,19:55:16,"AD: ANUJ TILES, CERAMIC TILES, BUILDING MATERIALS, CONSTRUCTIONS",19:55:06-19:55:16
19:55:16,19:55:21,JINGLE: RADIO CITY,19:55:16-19:55:21
19:55:21,19:55:31,"AD: PRASHANTH HOSPITALS, HOSPITAL SERVICES, SERVICES-MEDICAL, HEALTHCARE",19:55:21-19:55:31
19:55:31,19:55:56,"AD: DEEPAM, INCENSE STICKS, SPIRITUAL ESSENTIALS, HOME FURNISHING",19:55:31-19:55:56
19:55:56,19:56:07,"AD: KINGMAKERS IAS ACADEMY, COACHING INSTITUTE, COACHING SERVICES, EDUCATION",19:55:56-19:56:07
19:56:07,19:56:57,"AD: DR KAMATCHI HOSPITAL, MULTISPECIALITY HOSPITAL, SERVICE-MEDICAL, HEALTHCARE",19:56:07-19:56:57
19:56:57,19:57:34,"AD: LIC, LIC POLICY, FINANCE-INSURANCE, FINANCE",19:56:57-19:57:34
19:57:34,19:58:13,"AD: APOLLO HOSPITAL, MULTISPECIALITY HOSPITAL, SERVICE-MEDICAL, HEALTHCARE",19:57:34-19:58:13
19:58:13,19:58:34,"AD: MALABAR GOLD AND DIAMONDS, GOLD & DIAMOND JEWELLERY, ACCESSORIES-JEWELLERY, ACCESSORIES",19:58:13-19:58:34
19:58:34,19:58:49,"AD: HOTEL VIRUDUNAGAR, HOTEL & ACCOMMODATION, HOSPITALITY & RESORT, TRAVEL & TOURISM",19:58:34-19:58:49
19:58:49,19:59:05,"AD: THE EYE FOUNDATION, EYE CARE HOSPITAL, SERVICES - MEDICAL, HEALTHCARE",19:58:49-19:59:05
19:59:05,19:59:51,"AD: DR KAMATCHI HOSPITAL, MULTISPECIALITY HOSPITAL, SERVICE-MEDICAL, HEALTHCARE",19:59:05-19:59:51
19:59:51,19:59:59,"AD: SNEHALAYA SILKS, SILKS & SAREES, CLOTHING, TEXTILES & APPARELS",19:59:51-19:59:59
20:00:00,20:00:07,"AD: SNEHALAYA SILKS, SILKS & SAREES, CLOTHING, TEXTILES & APPARELS",20:00:00-20:00:07
20:00:07,20:00:52,"AD: CANARA BANK, BANKING SERVICES, BANKING & FINANCE, FINANCE",20:00:07-20:00:52
20:00:52,20:01:46,JINGLE: RADIO CITY 91.9 FM SONG,20:00:52-20:01:46
20:01:46,20:01:54,JINGLE: VAA VAA VANJI SONG INTRO,20:01:46-20:01:54
20:01:54,20:05:30,"SONG: VAA VAA VANJI, ILAIYARAAJA & SP BALASUBRAHMANYAM & KS CHITHRA, GURU SISHYAN, ECHO RECORDING CO. PVT LTD, 1988, TAMIL",20:01:54-20:05:30
20:05:30,20:06:17,"PROGRAM: PON MAALAI POZHUDHU, RJ MUNNAH",20:05:30-20:06:17
20:06:17,20:06:27,JINGLE: KOKU SAIVA KOKU SONG INTRO,20:06:17-20:06:27
20:06:27,20:10:07,"SONG: KOKU SAIVA KOKU, SP BALASUBRAHMANYAM & THENI KUNJARAMMA, MUTHU, MUSIC MASTER, 1995, TAMIL",20:06:27-20:10:07
20:10:07,20:10:15,"AD: FRESHEY'S, CURD, FOOD PRODUCTS, FMCG",20:10:07-20:10:15
20:10:15,20:10:21,"AD: RR MOBILES, SMARTPHONE, CONSUMER DURABLES-SMARTPHONE, COSUMER DURABLES",20:10:15-20:10:21
20:10:21,20:10:26,JINGLE: RADIO CITY,20:10:21-20:10:26
20:10:26,20:10:43,JINGLE: RADIO CITY 91.9 FM SONG,20:10:26-20:10:43
20:10:43,20:11:24,"AD: RADIO CITY, BUSINESS TITANS, RADIO, ENTERTAINMENT",20:10:43-20:11:24
20:11:24,20:11:45,"AD: MALABAR GOLD AND DIAMONDS, GOLD & DIAMOND JEWELLERY, ACCESSORIES-JEWELLERY, ACCESSORIES",20:11:24-20:11:45
20:11:45,20:11:55,"AD: GALAXY HEALTH INSURANCE, HEALTH- INSURANCE, FINANCE-INSURANCE, FINANCE",20:11:45-20:11:55
20:11:55,20:12:10,"AD: HOTEL VIRUDUNAGAR, HOTEL & ACCOMMODATION, HOSPITALITY & RESORT, TRAVEL & TOURISM",20:11:55-20:12:10
20:12:10,20:12:21,"AD: PRASHANTH HOSPITALS, HOSPITAL SERVICES, SERVICES-MEDICAL, HEALTHCARE",20:12:10-20:12:21
20:12:21,20:12:32,"AD: KINGMAKERS IAS ACADEMY, COACHING INSTITUTE, COACHING SERVICES, EDUCATION",20:12:21-20:12:32
20:12:32,20:13:01,"AD: RESERVE BANK OF INDIA (RBI), BANKING SERVICES, BANKING & FINANCE, FINANCE",20:12:32-20:13:01
20:13:01,20:13:18,"AD: THE EYE FOUNDATION, EYE CARE HOSPITAL, SERVICES - MEDICAL, HEALTHCARE",20:13:01-20:13:18
20:13:18,20:13:39,"AD: LAKSHMI CERAMIC, CERAMIC TILES, BUILDING MATERIALS, CONSTRUCTIONS",20:13:18-20:13:39
20:13:39,20:14:11,"AD: SRM INSITUTE OF SCIENCE AND TECHNOLOGY, UG & PG COURSES, HIGHER EDUCATION, EDUCATION",20:13:39-20:14:11
20:14:11,20:14:57,"AD: FSSAI, EAT RIGHT INDIA, PUBLIC SERVICE ADS, PUBLIC INTEREST",20:14:11-20:14:57
20:14:57,20:15:42,"AD: CANARA BANK, BANKING SERVICES, BANKING & FINANCE, FINANCE",20:14:57-20:15:42
20:15:42,20:16:13,"AD: IFFCO TOKIO, LIFE INSURANCE, FINANCE-INSURANCE, FINANCE",20:15:42-20:16:13
20:16:13,20:17:14,"AD: RADIO CITY, PON MAALAI POZHUDHU, RADIO, ENTERTAINMENT",20:16:13-20:17:14
20:17:14,20:17:19,"AD: ASTRA HEARING CARE, HEARING DIAGNOSTICS, SERVICE-MEDICAL, HEALTHCARE",20:17:14-20:17:19
20:17:19,20:17:24,JINGLE: RADIO CITY,20:17:19-20:17:24
20:17:24,20:17:29,JINGLE: TRAFFIC UPDATE,20:17:24-20:17:29
20:17:29,20:17:50,"PROGRAM: TRAFFIC UPDATE, RJ MUNNAH",20:17:29-20:17:50
20:17:50,20:17:56,"AD: RADIO CITY, TRAFFIC UPDATE, RADIO, ENTERTAINMENT",20:17:50-20:17:56
20:17:56,20:18:04,"AD: CANARA BANK, BANKING SERVICES, BANKING & FINANCE, FINANCE",20:17:56-20:18:04
20:18:04,20:18:09,"AD: ASTRA HEARING CARE, HEARING DIAGNOSTICS, SERVICE-MEDICAL, HEALTHCARE",20:18:04-20:18:09
20:18:09,20:18:17,"AD: FRESHEY'S, PANEER, FOOD PRODUCTS, FMCG",20:18:09-20:18:17
20:18:17,20:18:21,JINGLE: RADIO CITY,20:18:17-20:18:21
20:18:21,20:18:34,JINGLE: RADIO CITY,20:18:21-20:18:34
20:18:34,20:18:45,JINGLE: ENNAVENDRU SOLVATHAMMA SONG INTRO,20:18:34-20:18:45
20:18:45,20:22:24,"SONG: ENNAVENDRU SOLVATHAMMA, SP BALASUBRAHMANYAM, RAJAKUMARAN, MUSIC MASTERS AUDIO VIDEO LLP, 1993, TAMIL",20:18:45-20:22:24
20:22:24,20:22:35,JINGLE: RADIO CITY,20:22:24-20:22:35
20:22:35,20:22:46,JINGLE: INNUM ENNAI SONG INTRO,20:22:35-20:22:46
20:22:46,20:26:34,"SONG: INNUM ENNAI, SP BALASUBRAHMANYAM & S JANAKI, SINGARAVELAN, MUSIC MASTER, 1992, TAMIL",20:22:46-20:26:34
20:26:34,20:27:12,"PROGRAM: PON MAALAI POZHUDHU, RJ MUNNAH",20:26:34-20:27:12
20:27:12,20:27:28,JINGLE: RADIO CITY,20:27:12-20:27:28
20:27:28,20:27:59,"AD: SRM GLOBAL, MULTISPECIALITY HOSPITAL, SERVICE-MEDICAL, HEALTHCARE",20:27:28-20:27:59
20:27:59,20:28:10,"AD: KINGMAKERS IAS ACADEMY, COACHING INSTITUTE, COACHING SERVICES, EDUCATION",20:27:59-20:28:10
20:28:10,20:28:45,"AD: LIC, LIC LIFE INSURANCE, FINANCE-INSURANCE, FINANCE",20:28:10-20:28:45
20:28:45,20:29:15,"AD: RAINBOW CHILDREN'S HOSPITAL AND BIRTHRIGHT, HOSPITAL SERVICES, SERVICES-MEDICAL, HEALTHCARE",20:28:45-20:29:15
20:29:15,20:29:30,"AD: HOTEL VIRUDUNAGAR, HOTEL & ACCOMMODATION, HOSPITALITY & RESORT, TRAVEL & TOURISM",20:29:15-20:29:30
20:29:30,20:29:50,"AD: MALABAR GOLD AND DIAMONDS, GOLD & DIAMOND JEWELLERY, ACCESSORIES-JEWELLERY, ACCESSORIES",20:29:30-20:29:50
20:29:50,20:30:01,"AD: GALAXY HEALTH INSURANCE, HEALTH- INSURANCE, FINANCE-INSURANCE, FINANCE",20:29:50-20:30:01
20:30:01,20:30:17,"AD: THE EYE FOUNDATION, EYE CARE HOSPITAL, SERVICES - MEDICAL, HEALTHCARE",20:30:01-20:30:17
20:30:17,20:30:37,"AD: LAKSHMI CERAMIC, CERAMIC TILES, BUILDING MATERIALS, CONSTRUCTIONS",20:30:17-20:30:37
20:30:37,20:31:22,"AD: FSSAI, EAT RIGHT INDIA, PUBLIC SERVICE ADS, PUBLIC INTEREST",20:30:37-20:31:22
20:31:22,20:31:39,"AD: ANUJ TILES, CERAMIC TILES, BUILDING MATERIALS, CONSTRUCTIONS",20:31:22-20:31:39
20:31:39,20:32:24,"AD: CANARA BANK, BANKING SERVICES, BANKING & FINANCE, FINANCE",20:31:39-20:32:24
20:32:24,20:32:32,JINGLE: RADIO CITY,20:32:24-20:32:32
20:32:32,20:32:42,JINGLE: YENNAMA KANNU SOWKIYAMA SONG INTRO,20:32:32-20:32:42
20:32:42,20:36:13,"SONG: YENNAMA KANNU SOWKIYAMA, MALAYSIA VASUDEVAN & SP BALASUBRAHMANYAM, MR BHARATH, DIVO TV PVT LTD, 1986, TAMIL",20:32:42-20:36:13
20:36:13,20:36:24,JINGLE: RADIO CITY,20:36:13-20:36:24
20:36:24,20:40:21,"SONG: ANNAATTHE ANNAATTHE, D IMMAN & SP BALASUBRAHMANYAM, ANNAATTHE, SUN PICTURES, 2021, TAMIL",20:36:24-20:40:21
20:40:21,20:40:53,"PROGRAM: PON MAALAI POZHUDHU, RJ MUNNAH",20:40:21-20:40:53
20:40:53,20:40:55,JINGLE: TIME CHECK,20:40:53-20:40:55
20:40:55,20:41:03,"AD: CANARA BANK, BANKING SERVICES, BANKING & FINANCE, FINANCE",20:40:55-20:41:03
20:41:03,20:41:08,"AD: ASTRA HEARING CARE, HEARING DIAGNOSTICS, SERVICE-MEDICAL, HEALTHCARE",20:41:03-20:41:08
20:41:08,20:41:14,"AD: FRESHEY'S, IDLI AND DOSA BATTER, FOOD PRODUCTS, FMCG",20:41:08-20:41:14
20:41:14,20:41:19,"AD: KINGMAKERS IAS ACADEMY, COACHING INSTITUTE, COACHING SERVICES, EDUCATION",20:41:14-20:41:19
20:41:19,20:41:24,JINGLE: RADIO CITY,20:41:19-20:41:24
20:41:24,20:41:32,JINGLE: RADIO CITY,20:41:24-20:41:32
20:41:32,20:42:12,"AD: APOLLO HOSPITAL, MULTISPECIALITY HOSPITAL, SERVICE-MEDICAL, HEALTHCARE",20:41:32-20:42:12
20:42:12,20:42:58,"AD: FSSAI, EAT RIGHT INDIA, PUBLIC SERVICE ADS, PUBLIC INTEREST",20:42:12-20:42:58
20:42:58,20:43:09,"AD: PRASHANTH HOSPITALS, HOSPITAL SERVICES, SERVICES-MEDICAL, HEALTHCARE",20:42:58-20:43:09
20:43:09,20:43:54,"AD: CANARA BANK, BANKING SERVICES, BANKING & FINANCE, FINANCE",20:43:09-20:43:54
20:43:54,20:44:35,"AD: APOLLO HOSPITAL, MULTISPECIALITY HOSPITAL, SERVICE-MEDICAL, HEALTHCARE",20:43:54-20:44:35
20:44:35,20:44:57,"AD: LAKSHMI CERAMIC, CERAMIC TILES, BUILDING MATERIALS, CONSTRUCTIONS",20:44:35-20:44:57
20:44:57,20:45:13,"AD: RADIO CITY, BUSINESS TITANS, RADIO, ENTERTAINMENT",20:44:57-20:45:13
20:45:13,20:45:17,JINGLE: RADIO CITY,20:45:13-20:45:17
20:45:17,20:45:26,JINGLE: POONNKUYIL PAADINAL SONG INTRO,20:45:17-20:45:26
20:45:26,20:49:45,"SONG: POONNKUYIL PAADINAL, SP BALASUBRAHMANYAM & KS CHITHRA, NAMMAVAR, MUSIC MASTER, 1994, TAMIL",20:45:26-20:49:45
20:49:45,20:50:22,"PROGRAM: PON MAALAI POZHUDHU, RJ MUNNAH",20:49:45-20:50:22
20:50:22,20:50:27,"AD: ASTRA HEARING CARE, HEARING DIAGNOSTICS, SERVICE-MEDICAL, HEALTHCARE",20:50:22-20:50:27
20:50:27,20:50:32,JINGLE: RADIO CITY,20:50:27-20:50:32
20:50:32,20:50:41,JINGLE: AZHAGANA RAKSHASIYEA SONG INTRO,20:50:32-20:50:41
20:50:41,20:54:36,"SONG: AZHAGANA RAKSHASIYEA, SP BALASUBRAHMANYAM & HARINI, MUDHALVAN, FICE STAR AUDIO, 1999, TAMIL",20:50:41-20:54:36
20:54:36,20:54:40,JINGLE: SPONSOR JINGLE,20:54:36-20:54:40
20:54:40,20:54:48,"AD: CANARA BANK, BANKING SERVICES, BANKING & FINANCE, FINANCE",20:54:40-20:54:48
20:54:48,20:54:54,"AD: THE EYE FOUNDATION, EYE CARE HOSPITAL, SERVICES - MEDICAL, HEALTHCARE",20:54:48-20:54:54
20:54:54,20:54:59,JINGLE: RADIO CITY,20:54:54-20:54:59
20:54:59,20:55:18,JINGLE: RADIO CITY 91.9 FM SONG,20:54:59-20:55:18
20:55:18,20:56:05,"AD: RADIOCITY, REEL STAR, RADIO, ENTERTAINMENT",20:55:18-20:56:05
20:56:05,20:56:15,"AD: KINGMAKERS IAS ACADEMY, COACHING INSTITUTE, COACHING SERVICES, EDUCATION",20:56:05-20:56:15
20:56:15,20:56:46,"AD: RAINBOW CHILDREN'S HOSPITAL AND BIRTHRIGHT, HOSPITAL SERVICES, SERVICES-MEDICAL, HEALTHCARE",20:56:15-20:56:46
20:56:46,20:57:03,"AD: THE EYE FOUNDATION, EYE CARE HOSPITAL, SERVICES - MEDICAL, HEALTHCARE",20:56:46-20:57:03
20:57:03,20:57:33,"AD: INDIAN NAVY, VACANCIES OPEN - SAILORS & OFFICERS, PUBLIC SERVICES AD, PUBLIC INTEREST",20:57:03-20:57:33
20:57:33,20:57:44,"AD: PRASHANTH HOSPITALS, HOSPITAL SERVICES, SERVICES-MEDICAL, HEALTHCARE",20:57:33-20:57:44
20:57:44,20:58:05,"AD: LAKSHMI CERAMIC, CERAMIC TILES, BUILDING MATERIALS, CONSTRUCTIONS",20:57:44-20:58:05
20:58:05,20:58:26,"AD: SRM GLOBAL, MULTISPECIALITY HOSPITAL, SERVICE-MEDICAL, HEALTHCARE",20:58:05-20:58:26
20:58:26,20:59:20,JINGLE: RADIO CITY 91.9 FM SONG,20:58:26-20:59:20
20:59:20,20:59:36,"AD: RADIO CITY, LOVE SHOT BY LOVE GURU, RADIO, ENTERTAINMENT",20:59:20-20:59:36
20:59:36,20:59:47,JINGLE: SAATHI MALLI POOCHARAME SONG INTRO,20:59:36-20:59:47
20:59:47,20:59:59,"SONG: SAATHI MALLI POOCHARAME, SP BALASUBRAHMANYAM, AZHAGAN, SREE DEVI VIDEO CORPORATION, 1991, TAMIL",20:59:47-20:59:59
21:00:00,21:03:31,"SONG: SADHIMALLI POOCHARAMAE, S. P. BALASUBRAHMANYAM, AZHAGAN, PYRAMID AUDIO, 1991, TAMIL",21:00:00-21:03:31
21:03:31,21:03:48,JINGLE: RADIO CITY,21:03:31-21:03:48
21:03:48,21:06:51,"PROGRAM: LOVE SHOT, RJ LOVE GURU",21:03:48-21:06:51
21:06:51,21:11:04,"SONG: PARUVAME, S. P. BALASUBRAHMANYAM & S. JANAKI, GURU, INRECO, 1988, TAMIL",21:06:51-21:11:04
21:11:04,21:11:12,JINGLE: RADIO CITY,21:11:04-21:11:12
21:11:12,21:11:20,JINGLE: SAAMI KITTA SOLLI SONG INTRO,21:11:12-21:11:20
21:11:20,21:15:20,"SONG: SAAMI KITTA SOLLI, S. P. BALASUBRAHMANYAM & S. JANAKI & ILAIYARAAJA, AAVARAMPOO, ECHO RECORDS, 1992, TAMIL",21:11:20-21:15:20
21:15:20,21:15:28,JINGLE: RADIO CITY,21:15:20-21:15:28
21:15:28,21:15:47,"AD: RADIO CITY, CITY BAZAR, RADIO, ENTERTAINMENT",21:15:28-21:15:47
21:15:47,21:15:57,"AD: KINGMAKERS IAS ACADEMY, COACHING INSTITUTE, COACHING SERVICES, EDUCATION",21:15:47-21:15:57
21:15:57,21:16:08,"AD: HOTEL VIRUDUNAGAR, HOTEL & ACCOMMODATION, HOSPITALITY & RESORT, TRAVEL & TOURISM",21:15:57-21:16:08
21:16:08,21:16:18,"AD: ANUJ TILES, CERAMIC TILES, BUILDING MATERIALS, CONSTRUCTIONS",21:16:08-21:16:18
21:16:18,21:16:23,JINGLE: RADIO CITY,21:16:18-21:16:23
21:16:23,21:16:48,"AD: SRM GLOBAL, MULTISPECIALITY HOSPITAL, SERVICE-MEDICAL, HEALTHCARE",21:16:23-21:16:48
21:16:48,21:16:58,"AD: GALAXY HEALTH INSURANCE, HEALTH- INSURANCE, FINANCE-INSURANCE, FINANCE",21:16:48-21:16:58
21:16:58,21:17:14,"AD: SNEHALAYA SILKS, SILKS & SAREES, CLOTHING, TEXTILES & APPARELS",21:16:58-21:17:14
21:17:14,21:17:19,JINGLE: RADIO CITY,21:17:14-21:17:19
21:17:19,21:21:18,"SONG: OH VASANTHA RAJA, ILAIYARAAJA & S. P. BALASUBRAHMANYAM & S. JANAKI, NEENGAL KETTAVAI, ECHO RECORDS, 1984, TAMIL",21:17:19-21:21:18
21:21:18,21:21:36,JINGLE: RADIO CITY,21:21:18-21:21:36
21:21:36,21:24:53,"PROGRAM: LOVE SHOT, RJ LOVE GURU",21:21:36-21:24:53
21:24:53,21:25:05,JINGLE: OH BUTTERFLY SONG INTRO,21:24:53-21:25:05
21:25:05,21:28:52,"SONG: OH BUTTERFLY, ILAIYARAAJA, S. P. BALASUBRAHMANYAM & ASHA BHOSLE, MEERA, ECHO RECORDS, 1992, TAMIL",21:25:05-21:28:52
21:28:52,21:29:07,"AD: HOTEL VIRUDUNAGAR, HOTEL & ACCOMMODATION, HOSPITALITY & RESORT, TRAVEL & TOURISM",21:28:52-21:29:07
21:29:07,21:29:18,"AD: GALAXY HEALTH INSURANCE, HEALTH- INSURANCE, FINANCE-INSURANCE, FINANCE",21:29:07-21:29:18
21:29:18,21:29:48,"AD: SRM GLOBAL, MULTISPECIALITY HOSPITAL, SERVICE-MEDICAL, HEALTHCARE",21:29:18-21:29:48
21:29:48,21:29:59,"AD: JOYALUKKAS, GOLD & DIAMOND JEWELLERY, ACCESSORIES-JEWELLERY, ACCESSORIES",21:29:48-21:29:59
21:29:59,21:30:30,"AD: SRM INSITUTE OF SCIENCE AND TECHNOLOGY, UG & PG COURSES, HIGHER EDUCATION, EDUCATION",21:29:59-21:30:30
21:30:30,21:30:46,"AD: SNEHALAYA SILKS, SILKS & SAREES, CLOTHING, TEXTILES & APPARELS",21:30:30-21:30:46
21:30:46,21:30:53,JINGLE: RADIO CITY,21:30:46-21:30:53
21:30:53,21:31:03,JINGLE: VELLI NILAVE SONG INTRO,21:30:53-21:31:03
21:31:03,21:35:15,"SONG: VELLI NILAVE, S. P. BALASUBRAHMANYAM & S. N. SURENDAR & ARUNMOZHI & UMA RAMANAN, NANDHAVANA THERU, ECHO RECORDS, 1995, TAMIL",21:31:03-21:35:15
21:35:15,21:35:23,JINGLE: RADIO CITY,21:35:15-21:35:23
21:35:23,21:35:44,"AD: RC SWAPPR, PODCASTS & SHOWS APP, DIGITAL MEDIA, ENTERTAINMENT",21:35:23-21:35:44
21:35:44,21:35:48,JINGLE: RADIO CITY,21:35:44-21:35:48
21:35:48,21:36:18,"AD: IFFCO TOKIO, LIFE INSURANCE, FINANCE-INSURANCE, FINANCE",21:35:48-21:36:18
21:36:18,21:37:03,"AD: CANARA BANK, BANKING SERVICES, BANKING & FINANCE, FINANCE",21:36:18-21:37:03
21:37:03,21:37:08,JINGLE: RADIO CITY,21:37:03-21:37:08
21:37:08,21:37:17,JINGLE: PERAI SOLLAVAA SONG INTRO,21:37:08-21:37:17
21:37:17,21:41:17,"SONG: PERAI SOLLAVAA, S. P. BALASUBRAHMANYAM & S. JANAKI, GURU, ECHO RECORDS, 1980, TAMIL",21:37:17-21:41:17
21:41:17,21:41:25,JINGLE: RADIO CITY,21:41:17-21:41:25
21:41:25,21:41:38,JINGLE: ADI VAANMATHI SONG INTRO,21:41:25-21:41:38
21:41:38,21:45:48,"SONG: ADI VAANMATHI, ILAIYARAAJA & S. P. BALASUBRAHMANYAM & K. S. CHITHRA, SIVA, AGI MUSIC, 1989, TAMIL",21:41:38-21:45:48
21:45:48,21:45:56,JINGLE: RADIO CITY,21:45:48-21:45:56
21:45:56,21:46:06,JINGLE: KAADHAL KAADHAL KAADHAL SONG INTRO,21:45:56-21:46:06
21:46:06,21:49:41,"SONG: KAADHAL KAADHAL KAADHAL, S. P. BALASUBRAHMANYAM & K. S. CHITHRA, POOCHUDEVA, ECHO RECORDS, 1990, TAMIL",21:46:06-21:49:41
21:49:41,21:49:46,JINGLE: INIMAYANA PADALGAL,21:49:41-21:49:46
21:49:46,21:49:51,JINGLE: RADIO CITY,21:49:46-21:49:51
21:49:51,21:49:55,JINGLE: RADIO CITY,21:49:51-21:49:55
21:49:55,21:50:10,"AD: HOTEL VIRUDUNAGAR, HOTEL & ACCOMMODATION, HOSPITALITY & RESORT, TRAVEL & TOURISM",21:49:55-21:50:10
21:50:10,21:50:31,"AD: MALABAR GOLD AND DIAMONDS, GOLD & DIAMOND JEWELLERY, ACCESSORIES-JEWELLERY, ACCESSORIES",21:50:10-21:50:31
21:50:31,21:51:15,"AD: CANARA BANK, BANKING SERVICES, BANKING & FINANCE, FINANCE",21:50:31-21:51:15
21:51:15,21:51:21,JINGLE: RADIO CITY,21:51:15-21:51:21
21:51:21,21:51:33,JINGLE: SUNDARI SONG INTRO,21:51:21-21:51:33
21:51:33,21:58:26,"SONG: SUNDARI, S. P. BALASUBRAHMANYAM & S. JANAKI, ORU SETHI, ECHO RECORDS, 1985, TAMIL",21:51:33-21:58:26
21:58:26,21:58:30,JINGLE: RADIO CITY,21:58:26-21:58:30
21:58:30,21:58:41,JINGLE: MUTHUMANI MALAI SONG INTRO,21:58:30-21:58:41
21:58:41,21:59:59,"SONG: MUTHUMANI MALAI, S. P. BALASUBRAHMANYAM & P. SUSHEELA & ILAIYARAAJA, CHINNA GOUNDER, AGI MUSIC, 1992, TAMIL",21:58:41-21:59:59
22:00:00,22:02:19,"SONG: MUTHUMANI MALAI, S. P. BALASUBRAHMANYAM & P. SUSHEELA & ILAIYARAAJA, CHINNA GOUNDER, AGI MUSIC, 1992, TAMIL",22:00:00-22:02:19
22:02:19,22:03:13,JINGLE: RADIO CITY,22:02:19-22:03:13
22:03:13,22:03:29,"AD: RADIO CITY, LOVE SHOT BY LOVE GURU, RADIO, ENTERTAINMENT",22:03:13-22:03:29
22:03:29,22:03:34,JINGLE: RAASA KANNU SONG INTRO,22:03:29-22:03:34
22:03:34,22:08:48,"SONG: RAASA KANNU, A. R. RAHMAN & VADIVELU, MAAMANNAN, SONY MUSIC SOUTH, 2023, TAMIL",22:03:34-22:08:48
22:08:48,22:09:05,JINGLE: RADIO CITY,22:08:48-22:09:05
22:09:05,22:12:20,"PROGRAM: LOVE SHOT, RJ LOVE GURU",22:09:05-22:12:20
22:12:20,22:12:29,JINGLE: YATHE YATHE SONG INTRO,22:12:20-22:12:29
22:12:29,22:18:08,"SONG: YATHE YATHE, G. V. PRAKASH KUMAR, AADUKALAM, SONY MUSIC SOUTH, 2011, TAMIL",22:12:29-22:18:08
22:18:08,22:22:20,"SONG: VAAN, A. R. RAHMAN & SHASHAA TIRUPATI, KAATRU VELIYIDAI, SONY MUSIC SOUTH, 2017, TAMIL",22:18:08-22:22:20
22:22:20,22:22:32,JINGLE: RADIO CITY,22:22:20-22:22:32
22:22:32,22:22:43,JINGLE: MANAPENNIN SATHIYAM SONG INTRO,22:22:32-22:22:43
22:22:43,22:26:25,"SONG: MANAPENNIN SATHIYAM, A. R. RAHMAN & LATHA RAJINIKANTH, KOCHADAIYAAN, SONY MUSIC SOUTH, 2014, TAMIL",22:22:43-22:26:25
22:26:25,22:26:33,JINGLE: RADIO CITY,22:26:25-22:26:33
22:26:33,22:27:04,"AD: RESERVE BANK OF INDIA (RBI), BANKING SERVICES, BANKING & FINANCE, FINANCE",22:26:33-22:27:04
22:27:04,22:27:35,"AD: INDIAN NAVY, VACANCIES OPEN - SAILORS & OFFICERS, PUBLIC SERVICES AD, PUBLIC INTEREST",22:27:04-22:27:35
22:27:35,22:27:40,JINGLE: RADIO CITY,22:27:35-22:27:40
22:27:40,22:30:34,"PROGRAM: LOVE SHOT, RJ LOVE GURU",22:27:40-22:30:34
22:30:34,22:31:01,JINGLE: MANNIPAAYA SONG INTRO,22:30:34-22:31:01
22:31:01,22:37:20,"SONG: MANNIPAAYA, A. R. RAHMAN & SHREYA GHOSHAL, VINNAITHAANDI VARUVAAYAA, SONY MUSIC SOUTH, 2010, TAMIL",22:31:01-22:37:20
22:37:20,22:37:40,JINGLE: RADIO CITY,22:37:20-22:37:40
22:37:40,22:37:59,JINGLE: VENNILAVU SAARAL SONG INTRO,22:37:40-22:37:59
22:37:59,22:41:07,"SONG: VENNILAVU SAARAL, KAPIL KAPILAN & RAKSHITA SURESH & G. V. PRAKASH KUMAR & YUGABHARATHI, AMARAN, SAREGAMA, 2024, TAMIL",22:37:59-22:41:07
22:41:07,22:41:14,JINGLE: RADIO CITY,22:41:07-22:41:14
22:41:14,22:41:59,"AD: FSSAI, EAT RIGHT INDIA, PUBLIC SERVICE ADS, PUBLIC INTEREST",22:41:14-22:41:59
22:41:59,22:42:30,"AD: IFFCO TOKIO, LIFE INSURANCE, FINANCE-INSURANCE, FINANCE",22:41:59-22:42:30
22:42:30,22:42:38,JINGLE: RADIO CITY,22:42:30-22:42:38
22:42:38,22:46:35,"SONG: UYIRILE, HARRIS JAYARAJ & SRINIVAS & MAHALAKSHMI IYER, VETTAIYAADU VILAIYAADU, SONY MUSIC SOUTH, 2006, TAMIL",22:42:38-22:46:35
22:46:35,22:46:53,JINGLE: RADIO CITY,22:46:35-22:46:53
22:46:53,22:47:03,JINGLE: KAADHAL VAITHU SONG INTRO,22:46:53-22:47:03
22:47:03,22:50:48,"SONG: KAADHAL VAITHU, YUVAN SHANKAR RAJA & VIJAY YESUDAS, DEEPAVALI, SONY MUSIC SOUTH, 2007, TAMIL",22:47:03-22:50:48
22:50:48,22:51:40,"AD: RC SWAPPR, PODCASTS & SHOWS APP, DIGITAL MEDIA, ENTERTAINMENT",22:50:48-22:51:40
22:51:40,22:52:24,"AD: FSSAI, EAT RIGHT INDIA, PUBLIC SERVICE ADS, PUBLIC INTEREST",22:51:40-22:52:24
22:52:24,22:52:43,"AD: RADIO CITY, CITY BAZAR, RADIO, ENTERTAINMENT",22:52:24-22:52:43
22:52:43,22:52:55,"AD: KINGMAKERS IAS ACADEMY, COACHING INSTITUTE, COACHING SERVICES, EDUCATION",22:52:43-22:52:55
22:52:55,22:53:06,"AD: HOTEL VIRUDUNAGAR, HOTEL & ACCOMMODATION, HOSPITALITY & RESORT, TRAVEL & TOURISM",22:52:55-22:53:06
22:53:06,22:53:16,"AD: ANUJ TILES, CERAMIC TILES, BUILDING MATERIALS, CONSTRUCTIONS",22:53:06-22:53:16
22:53:16,22:53:21,JINGLE: RADIO CITY,22:53:16-22:53:21
22:53:21,22:53:26,JINGLE: RADIO CITY,22:53:21-22:53:26
22:53:26,22:55:15,"PROGRAM: LOVE SHOT, RJ LOVE GURU",22:53:26-22:55:15
22:55:15,22:55:21,JINGLE: ANBAE ANBAE SONG INTRO,22:55:15-22:55:21
22:55:21,22:59:13,"SONG: ANBAE ANBAE, HARIHARAN & ANURADHA SRIRAM & VAIRAMUTHU & A. R. RAHMAN, JEANS, SONY MUSIC INDIA, 1998, TAMIL",22:55:21-22:59:13
22:59:13,22:59:26,JINGLE: RADIO CITY,22:59:13-22:59:26
22:59:26,22:59:31,JINGLE: INIMAYANA PADALGAL,22:59:26-22:59:31
22:59:31,22:59:36,JINGLE: RADIO CITY,22:59:31-22:59:36
22:59:36,22:59:44,JINGLE: RADIO CITY,22:59:36-22:59:44
22:59:44,22:59:59,"AD: RESERVE BANK OF INDIA (RBI), BANKING SERVICES, BANKING & FINANCE, FINANCE",22:59:44-22:59:59
23:00:00,23:00:15,"AD: RESERVE BANK OF INDIA (RBI), BANKING SERVICES, BANKING & FINANCE, FINANCE",23:00:00-23:00:15
23:00:15,23:00:27,JINGLE: RADIO CITY,23:00:15-23:00:27
23:00:27,23:00:35,JINGLE: THIRUMANA MALARGAL SONG INTRO,23:00:27-23:00:35
23:00:35,23:04:41,"SONG: THIRUMANA MALARGAL, SWARNALATHA & VAIRAMUTHU, POOVELLAM UNN VAASAM, HMV, 2001, TAMIL",23:00:35-23:04:41
23:04:41,23:05:35,JINGLE: RADIO CITY,23:04:41-23:05:35
23:05:35,23:05:44,JINGLE: RADIO CITY,23:05:35-23:05:44
23:05:44,23:05:52,JINGLE: VAA VEERA SONG INTRO,23:05:44-23:05:52
23:05:52,23:11:03,"SONG: VAA VEERA, BHARATH SANKAR & VAIKOM VIJAYALAKSHMI & YUGA BHARATHI, MAAVEERAN, SONY MUSIC SOUTH, 2023, TAMIL",23:05:52-23:11:03
23:11:03,23:11:14,JINGLE: RADIO CITY,23:11:03-23:11:14
23:11:14,23:14:12,"PROGRAM: LOVE SHOT, RJ LOVE GURU",23:11:14-23:14:12
23:14:12,23:14:22,JINGLE: UYIRE UYIRE SONG INTRO,23:14:12-23:14:22
23:14:22,23:18:22,"SONG: UYIRE UYIRE, SAAGAR & NA MUTHUKUMAR, SANTHOSH SUBRAMANIYAM, SONY MUSIC SOUTH, 2008, TAMIL",23:14:22-23:18:22
23:18:22,23:18:30,JINGLE: PO INDRU NEEYAGA SONG INTRO,23:18:22-23:18:30
23:18:30,23:21:57,"SONG: PO INDRU NEEYAGA, ANIRUDH RAVICHANDER & DHANUSH, VELAI ILLA PATTADHAARI, SONY MUSIC SOUTH, 2014, TAMIL",23:18:30-23:21:57
23:21:57,23:22:10,JINGLE: RADIO CITY,23:21:57-23:22:10
23:22:10,23:22:18,JINGLE: SANTHIPOMA SONG INTRO,23:22:10-23:22:18
23:22:18,23:26:46,"SONG: SANTHIPOMA, UNNI MENON & CHINMAYI SRIPADA & ANUPAMA, ENNAKKU 20 UNAKKU 18, SONY MUSIC SOUTH, 2003, TAMIL",23:22:18-23:26:46
23:26:46,23:27:39,"AD: RADIOCITY, ALIEN SHOW BY RJ MUNNAH, RADIO, ENTERTAINMENT",23:26:46-23:27:39
23:27:39,23:27:43,JINGLE: RADIO CITY,23:27:39-23:27:43
23:27:43,23:27:52,JINGLE: RADIO CITY,23:27:43-23:27:52
23:27:52,23:27:56,JINGLE: RADIO CITY,23:27:52-23:27:56
23:27:56,23:28:03,JINGLE: VAANAM PAARTHEN SONG INTRO,23:27:56-23:28:03
23:28:03,23:32:26,"SONG: VAANAM PAARTHEN, PRADEEP KUMAR, KABALI, THINK MUSIC, 2016, TAMIL",23:28:03-23:32:26
23:32:26,23:32:35,JINGLE: RADIO CITY,23:32:26-23:32:35
23:32:35,23:35:21,"PROGRAM: LOVE SHOT, RJ LOVE GURU",23:32:35-23:35:21
23:35:21,23:35:34,JINGLE: MUN ANDHI SONG INTRO,23:35:21-23:35:34
23:35:34,23:38:36,"SONG: MUN ANDHI, HARRIS JAYARAJ & KARTHIK & MEGHA, 7 AUM ARIVU, SONY MUSIC SOUTH, 2011, TAMIL",23:35:34-23:38:36
23:38:36,23:38:40,JINGLE: RADIO CITY,23:38:36-23:38:40
23:38:40,23:38:49,JINGLE: RADIO CITY,23:38:40-23:38:49
23:38:49,23:39:00,JINGLE: ADHO MEGA OORVALAM SONG INTRO,23:38:49-23:39:00
23:39:00,23:42:49,"SONG: ADHO MEGA OORVALAM, MANO & ILAIYARAAJA, EERAMANA ROJAVE, ECHO RECORDS, 1991, TAMIL",23:39:00-23:42:49
23:42:49,23:42:57,JINGLE: RADIO CITY,23:42:49-23:42:57
23:42:57,23:43:16,JINGLE: VAIGAASI NILAVE SONG INTRO,23:42:57-23:43:16
23:43:16,23:48:24,"SONG: VAIGAASI NILAVE, HARICHARAN & MADHUSHREE & HARRIS JAYARAJ, UNNALE UNNALE, SONY MUSIC SOUTH, 2007, TAMIL",23:43:16-23:48:24
23:48:24,23:48:29,JINGLE: RADIO CITY,23:48:24-23:48:29
23:48:29,23:51:38,"PROGRAM: LOVE SHOT, RJ LOVE GURU",23:48:29-23:51:38
23:51:38,23:51:48,JINGLE: ORE NYABAGAM SONG INTRO,23:51:38-23:51:48
23:51:48,23:53:27,"SONG: ORE NYABAGAM, DEVAN EKAMBARAM, MINNALAE, SONY MUSIC SOUTH, 2001, TAMIL",23:51:48-23:53:27
23:53:27,23:53:46,JINGLE: RADIO CITY,23:53:27-23:53:46
23:53:46,23:54:05,JINGLE: RADIO CITY,23:53:46-23:54:05
23:54:05,23:54:33,JINGLE: DESAANDHIRI SONG INTRO,23:54:05-23:54:33
23:54:33,23:57:42,"SONG: DESAANDHIRI, SIDDHARTH & SANTHOSH NARAYANAN, GYPSY, THINK MUSIC, 2020, TAMIL",23:54:33-23:57:42
23:57:42,23:58:00,JINGLE: RADIO CITY,23:57:42-23:58:00
23:58:00,23:59:59,"SONG: PATTUKUTTY, YUVAN SHANKAR RAJA, RAJA RANGUSKI, THINK MUSIC, 2018, TAMIL",23:58:00-23:59:59
